filename,local_path,class,source,observation_id,observation_uri,species,taxon_name,photo_id,photo_url,photo_license,photo_attribution,search_query
mobbing_wiki_10201920.jpg,/home/kylelima21/BISONN/data/labeled/mobbing/mobbing_wiki_10201920.jpg,mobbing,wikimedia,,File:Swamp Harrier - Juvenile.jpg,,,10201920,,CC BY-SA 2.0,David Hewett,
mobbing_wiki_104543356.jpg,/home/kylelima21/BISONN/data/labeled/mobbing/mobbing_wiki_104543356.jpg,mobbing,wikimedia,,File:Red-winged blackbird attacks great egret (72158).jpg,,,104543356,,CC BY-SA 4.0,Rhododendrites,
mobbing_wiki_105235963.jpg,/home/kylelima21/BISONN/data/labeled/mobbing/mobbing_wiki_105235963.jpg,mobbing,wikimedia,,"File:American Crow mobbing Red-tailed Hawk, Santa Barbara, California (51114795558).jpg",,,105235963,,CC BY 2.0,"Channel City Camera Club from Santa Barbara, US",
mobbing_wiki_105236268.jpg,/home/kylelima21/BISONN/data/labeled/mobbing/mobbing_wiki_105236268.jpg,mobbing,wikimedia,,"File:American Crow mobbing Red-tailed Hawk, Santa Barbara, California (51112363699).jpg",,,105236268,,CC BY 2.0,"Channel City Camera Club from Santa Barbara, US",
mobbing_wiki_105248849.jpg,/home/kylelima21/BISONN/data/labeled/mobbing/mobbing_wiki_105248849.jpg,mobbing,wikimedia,,"File:American Crow mobbing Red-tailed Hawk, Santa Barbara, California (51017274143).jpg",,,105248849,,CC BY 2.0,"Channel City Camera Club from Santa Barbara, US",
mobbing_wiki_105320250.jpg,/home/kylelima21/BISONN/data/labeled/mobbing/mobbing_wiki_105320250.jpg,mobbing,wikimedia,,"File:American Crow mobbing Red-tailed Hawk, Santa Barbara, California (49899101771).jpg",,,105320250,,CC BY 2.0,"Channel City Camera Club from Santa Barbara, US",
mobbing_wiki_105381204.jpg,/home/kylelima21/BISONN/data/labeled/mobbing/mobbing_wiki_105381204.jpg,mobbing,wikimedia,,File:Crow mobbing red-tailed hawk (45805).jpg,,,105381204,,CC BY-SA 4.0,Rhododendrites,
mobbing_wiki_106051947.jpg,/home/kylelima21/BISONN/data/labeled/mobbing/mobbing_wiki_106051947.jpg,mobbing,wikimedia,,File:Red-shouldered Hawk harasses Red-tailed Hawk (50854764961).jpg,,,106051947,,CC BY 2.0,Channel City Camera Club/Susan T. Cook,
mobbing_wiki_106051948.jpg,/home/kylelima21/BISONN/data/labeled/mobbing/mobbing_wiki_106051948.jpg,mobbing,wikimedia,,File:Red-tailed Hawk harassed by a crow (50854765031).jpg,,,106051948,,CC BY 2.0,"Channel City Camera Club from Santa Barbara, US",
mobbing_wiki_106210223.jpg,/home/kylelima21/BISONN/data/labeled/mobbing/mobbing_wiki_106210223.jpg,mobbing,wikimedia,,File:Bullock's Oriole pesters a Red-tailed Hawk (51213894185).jpg,,,106210223,,CC BY 2.0,Channel City Camera Club/Susan T. Cook,
mobbing_wiki_106694532.jpg,/home/kylelima21/BISONN/data/labeled/mobbing/mobbing_wiki_106694532.jpg,mobbing,wikimedia,,File:Common Tern VS Common Crow by Irvin Calicut IRV09852.jpg,,,106694532,,CC BY-SA 4.0,Irvin calicut,
mobbing_wiki_112405387.jpg,/home/kylelima21/BISONN/data/labeled/mobbing/mobbing_wiki_112405387.jpg,mobbing,wikimedia,,File:Mountain Hawk-Eagle mobbing Himalayan Vulture (26083292787).jpg,,,112405387,,CC BY 2.0,"Mike Prince from Bangalore, India",
mobbing_wiki_117559602.jpg,/home/kylelima21/BISONN/data/labeled/mobbing/mobbing_wiki_117559602.jpg,mobbing,wikimedia,,File:Jungle crows mobbing.jpg,,,117559602,,CC BY-SA 4.0,Shyamal,
mobbing_wiki_130048665.jpg,/home/kylelima21/BISONN/data/labeled/mobbing/mobbing_wiki_130048665.jpg,mobbing,wikimedia,,File:Black-chested Snake-Eagle (Circaetus pectoralis) mobbed by Fork-tailed Drongo (Dicrurus adsimilis) ... (52772247148).jpg,,,130048665,,CC BY-SA 2.0,Bernard DUPONT from FRANCE,
mobbing_wiki_130171904.jpg,/home/kylelima21/BISONN/data/labeled/mobbing/mobbing_wiki_130171904.jpg,mobbing,wikimedia,,File:Red-tailed Hawk getting mobbed by a Northern Mockingbird and Blue Jays - 52113519674.jpg,,,130171904,,CC BY 2.0,Wildreturn,
mobbing_wiki_130171910.jpg,/home/kylelima21/BISONN/data/labeled/mobbing/mobbing_wiki_130171910.jpg,mobbing,wikimedia,,File:Red-tailed Hawk getting mobbed by a Northern Mockingbird and Blue Jays - 52112246957.jpg,,,130171910,,CC BY 2.0,Wildreturn,
mobbing_wiki_130171911.jpg,/home/kylelima21/BISONN/data/labeled/mobbing/mobbing_wiki_130171911.jpg,mobbing,wikimedia,,File:Red-tailed Hawk getting mobbed by a Northern Mockingbird and Blue Jays - 52113308603.jpg,,,130171911,,CC BY 2.0,Wildreturn,
mobbing_wiki_130171930.jpg,/home/kylelima21/BISONN/data/labeled/mobbing/mobbing_wiki_130171930.jpg,mobbing,wikimedia,,File:Red-tailed Hawk with squirrel and mobbing Blue Jays - 52050251834.jpg,,,130171930,,CC BY 2.0,Wildreturn,
mobbing_wiki_134007324.jpg,/home/kylelima21/BISONN/data/labeled/mobbing/mobbing_wiki_134007324.jpg,mobbing,wikimedia,,File:Black-chested Snake-Eagle (Circaetus pectoralis) mobbed by Fork-tailed Drongo (Dicrurus adsimilis) ... (53023933511).jpg,,,134007324,,CC BY-SA 2.0,Bernard DUPONT from FRANCE,
mobbing_wiki_134071781.jpg,/home/kylelima21/BISONN/data/labeled/mobbing/mobbing_wiki_134071781.jpg,mobbing,wikimedia,,File:Great horned owl mobbed by crows cromwell 1.2.23 DSC 8049.jpg,,,134071781,,CC BY 2.0,lwolfartist,
mobbing_wiki_134071784.jpg,/home/kylelima21/BISONN/data/labeled/mobbing/mobbing_wiki_134071784.jpg,mobbing,wikimedia,,File:Great horned owl mobbed by crows cromwell 1.2.23 DSC 8051.jpg,,,134071784,,CC BY 2.0,lwolfartist,
mobbing_wiki_134071788.jpg,/home/kylelima21/BISONN/data/labeled/mobbing/mobbing_wiki_134071788.jpg,mobbing,wikimedia,,File:Great horned owl mobbed by crows cromwell 1.2.23 DSC 8060.jpg,,,134071788,,CC BY 2.0,lwolfartist,
mobbing_wiki_134071789.jpg,/home/kylelima21/BISONN/data/labeled/mobbing/mobbing_wiki_134071789.jpg,mobbing,wikimedia,,File:Great horned owl mobbed by crows cromwell 1.2.23 DSC 8058.jpg,,,134071789,,CC BY 2.0,lwolfartist,
mobbing_wiki_134071790.jpg,/home/kylelima21/BISONN/data/labeled/mobbing/mobbing_wiki_134071790.jpg,mobbing,wikimedia,,File:Great horned owl mobbed by crows cromwell 1.2.23 DSC 8054.jpg,,,134071790,,CC BY 2.0,lwolfartist,
mobbing_wiki_138827032.jpg,/home/kylelima21/BISONN/data/labeled/mobbing/mobbing_wiki_138827032.jpg,mobbing,wikimedia,,"File:Common Tern (Sterna hirundo) mobbing Great Black-backed Gull (Larus marinus) - Kristiansund, Norway 2022-07-11.jpg",,,138827032,,CC BY-SA 4.0,Ryan Hodnett,
mobbing_wiki_139291155.jpg,/home/kylelima21/BISONN/data/labeled/mobbing/mobbing_wiki_139291155.jpg,mobbing,wikimedia,,File:Eagle Mobbed by Crows - geograph.org.uk - 5583770.jpg,,,139291155,,CC BY-SA 2.0,David Dixon,
mobbing_wiki_14030271.jpg,/home/kylelima21/BISONN/data/labeled/mobbing/mobbing_wiki_14030271.jpg,mobbing,wikimedia,,File:Gulls mobbing raven on Rousay - geograph.org.uk - 1302018.jpg,,,14030271,,CC BY-SA 2.0,Bob Jones,
mobbing_wiki_145627752.jpg,/home/kylelima21/BISONN/data/labeled/mobbing/mobbing_wiki_145627752.jpg,mobbing,wikimedia,,File:Tasmanian wedge-tailed eagle (Aquila audax fleayi) mobbed by forest ravens Scottsdale.jpg,,,145627752,,CC BY-SA 4.0,Charles J. Sharp,
mobbing_wiki_151757441.jpg,/home/kylelima21/BISONN/data/labeled/mobbing/mobbing_wiki_151757441.jpg,mobbing,wikimedia,,File:Grey heron and gull - Ingmarsö (23895427938).jpg,,,151757441,,CC BY-SA 2.0,Susanne Nilsson,
mobbing_wiki_151757459.jpg,/home/kylelima21/BISONN/data/labeled/mobbing/mobbing_wiki_151757459.jpg,mobbing,wikimedia,,File:White-tailed eagle - Ingmarsö (37716252032).jpg,,,151757459,,CC BY-SA 2.0,Susanne Nilsson,
mobbing_wiki_156675144.jpg,/home/kylelima21/BISONN/data/labeled/mobbing/mobbing_wiki_156675144.jpg,mobbing,wikimedia,,File:20241205 blue jay mobbing barred owl cedar hill cemetery PD205915.jpg,,,156675144,,CC BY-SA 4.0,Paul Danese,
mobbing_wiki_167270363.jpg,/home/kylelima21/BISONN/data/labeled/mobbing/mobbing_wiki_167270363.jpg,mobbing,wikimedia,,File:20250514 red winged blackbird mobs a great blue heron bolton notch sp PD200540.jpg,,,167270363,,CC BY-SA 4.0,Paul Danese,
mobbing_wiki_167567057.jpg,/home/kylelima21/BISONN/data/labeled/mobbing/mobbing_wiki_167567057.jpg,mobbing,wikimedia,,File:Mobbing the Raptor.jpg,,,167567057,,CC BY-SA 4.0,Nikeet123,
mobbing_wiki_170099958.jpg,/home/kylelima21/BISONN/data/labeled/mobbing/mobbing_wiki_170099958.jpg,mobbing,wikimedia,,File:Turkey vulture being mobbed by Red Winged Blackbirds.jpg,,,170099958,,CC BY-SA 4.0,Scornwel,
mobbing_wiki_174654293.jpg,/home/kylelima21/BISONN/data/labeled/mobbing/mobbing_wiki_174654293.jpg,mobbing,wikimedia,,"File:Buzzard being mobbed by Crows, Bristol - Lulsgate - UK, June 19 2011. (5868859584).jpg",,,174654293,,CC BY-SA 2.0,"Andrew Thomas from Shrewsbury, UK",
mobbing_wiki_174654296.jpg,/home/kylelima21/BISONN/data/labeled/mobbing/mobbing_wiki_174654296.jpg,mobbing,wikimedia,,"File:Buzzard being mobbed by Crows, Bristol - Lulsgate - UK, June 19 2011. (5868859372).jpg",,,174654296,,CC BY-SA 2.0,"Andrew Thomas from Shrewsbury, UK",
mobbing_wiki_174654304.jpg,/home/kylelima21/BISONN/data/labeled/mobbing/mobbing_wiki_174654304.jpg,mobbing,wikimedia,,"File:Buzzard being mobbed by Crows, Bristol - Lulsgate - UK, June 19 2011. (5868859160).jpg",,,174654304,,CC BY-SA 2.0,"Andrew Thomas from Shrewsbury, UK",
mobbing_wiki_178974907.jpg,/home/kylelima21/BISONN/data/labeled/mobbing/mobbing_wiki_178974907.jpg,mobbing,wikimedia,,File:Oriental Honey-Buzzard and crow.jpg,,,178974907,,CC BY-SA 4.0,Sunnyjosef,
mobbing_wiki_181856659.jpg,/home/kylelima21/BISONN/data/labeled/mobbing/mobbing_wiki_181856659.jpg,mobbing,wikimedia,,File:Confrontation for breeding site.jpg,,,181856659,,CC BY-SA 4.0,Drsssuresh1961,
mobbing_wiki_181856661.jpg,/home/kylelima21/BISONN/data/labeled/mobbing/mobbing_wiki_181856661.jpg,mobbing,wikimedia,,File:Defiance.jpg,,,181856661,,CC BY-SA 4.0,Drsssuresh1961,
mobbing_wiki_181856665.jpg,/home/kylelima21/BISONN/data/labeled/mobbing/mobbing_wiki_181856665.jpg,mobbing,wikimedia,,File:Out from my nest.jpg,,,181856665,,CC BY-SA 4.0,Drsssuresh1961,
mobbing_wiki_18524691.jpg,/home/kylelima21/BISONN/data/labeled/mobbing/mobbing_wiki_18524691.jpg,mobbing,wikimedia,,"File:Peregrine Falcon (Falco peregrinus), defending its nest area, gives chase to a Bald Eagle (Haliaeetus leucocephalus)Bai007MarBEglPFa 3 of 3.jpg",,,18524691,,CC BY 2.0,Mike Baird,
mobbing_wiki_18524757.jpg,/home/kylelima21/BISONN/data/labeled/mobbing/mobbing_wiki_18524757.jpg,mobbing,wikimedia,,"File:2 of 3 Peregrine Falcon (Falco peregrinus), defending its nest area, gives chase to a Bald Eagle (Haliaeetus leucocephalus).jpg",,,18524757,,CC BY 2.0,Mike Baird,
mobbing_wiki_186184018.jpg,/home/kylelima21/BISONN/data/labeled/mobbing/mobbing_wiki_186184018.jpg,mobbing,wikimedia,,File:Tawny Owl resting quietly inside a secret tree trunk 02.jpg,,,186184018,,CC BY-SA 4.0,Shiv's fotografia,
mobbing_wiki_186184028.jpg,/home/kylelima21/BISONN/data/labeled/mobbing/mobbing_wiki_186184028.jpg,mobbing,wikimedia,,File:Tawny Owl resting quietly inside a secret tree trunk 04.jpg,,,186184028,,CC BY-SA 4.0,Shiv's fotografia,
mobbing_wiki_189011528.jpg,/home/kylelima21/BISONN/data/labeled/mobbing/mobbing_wiki_189011528.jpg,mobbing,wikimedia,,"File:White-tailed Eagle being mobbed by Black-headed Gulls, Loch Insh - geograph.org.uk - 8269444.jpg",,,189011528,,CC BY-SA 2.0,Mike Pennington,
mobbing_wiki_193331875.jpg,/home/kylelima21/BISONN/data/labeled/mobbing/mobbing_wiki_193331875.jpg,mobbing,wikimedia,,File:Tyrannus dominicensis mobbing Butorides virescens.jpg,,,193331875,,CC BY-SA 4.0,Ligocsicnarf89,
mobbing_wiki_2323005.jpg,/home/kylelima21/BISONN/data/labeled/mobbing/mobbing_wiki_2323005.jpg,mobbing,wikimedia,,File:Magpie swooping kookaburra.jpg,,,2323005,,CC BY-SA 3.0,BenAveling,
mobbing_wiki_2323023.jpg,/home/kylelima21/BISONN/data/labeled/mobbing/mobbing_wiki_2323023.jpg,mobbing,wikimedia,,File:Magpie swooping kookaburra ed1.jpg,,,2323023,,CC BY-SA 3.0,BenAveling,
mobbing_wiki_2323043.jpg,/home/kylelima21/BISONN/data/labeled/mobbing/mobbing_wiki_2323043.jpg,mobbing,wikimedia,,File:Magpie swooping kookaburra ed2.jpg,,,2323043,,CC BY-SA 3.0,BenAveling,
mobbing_wiki_30980635.jpg,/home/kylelima21/BISONN/data/labeled/mobbing/mobbing_wiki_30980635.jpg,mobbing,wikimedia,,File:Fantail mobbing an Eagle.jpg,,,30980635,,CC BY 2.0,Akshay,
mobbing_wiki_40778717.jpg,/home/kylelima21/BISONN/data/labeled/mobbing/mobbing_wiki_40778717.jpg,mobbing,wikimedia,,File:Martial eagle (Polemaetus bellicosus) juvenile mobbed by Red-billed Buffalo-weaver (13817022784).jpg,,,40778717,,CC BY-SA 2.0,Bernard DUPONT from FRANCE,
mobbing_wiki_4479226.jpg,/home/kylelima21/BISONN/data/labeled/mobbing/mobbing_wiki_4479226.jpg,mobbing,wikimedia,,File:Gulls mobbing.jpg,,,4479226,,CC BY 2.0,Neil Phillips from uk,
mobbing_wiki_4485181.jpg,/home/kylelima21/BISONN/data/labeled/mobbing/mobbing_wiki_4485181.jpg,mobbing,wikimedia,,File:Crows Mobbing Bald Eagle 01.jpg,,,4485181,,CC BY-SA 3.0,OutRIAAge02 at English Wikipedia,
mobbing_wiki_4485380.jpg,/home/kylelima21/BISONN/data/labeled/mobbing/mobbing_wiki_4485380.jpg,mobbing,wikimedia,,File:Crows Mobbing Bald Eagle 03.jpg,,,4485380,,CC BY-SA 3.0,OutRIAAge02 at English Wikipedia,
mobbing_wiki_4877099.jpg,/home/kylelima21/BISONN/data/labeled/mobbing/mobbing_wiki_4877099.jpg,mobbing,wikimedia,,File:Magpie chasing Brown Goshawk (Immature).jpg,,,4877099,,CC BY-SA 3.0,JJ Harrison (https://www.jjharrison.com.au/),
mobbing_wiki_497181.jpg,/home/kylelima21/BISONN/data/labeled/mobbing/mobbing_wiki_497181.jpg,mobbing,wikimedia,,File:Uhu im Flug.jpg,,,497181,,CC BY-SA 3.0,Torsten Bolten,
mobbing_wiki_52215076.jpg,/home/kylelima21/BISONN/data/labeled/mobbing/mobbing_wiki_52215076.jpg,mobbing,wikimedia,,File:Red-tailed hawk allows another bird entry into its air space near Corps construction site (6989961618).jpg,,,52215076,,Public domain,U.S. Army Corps of Engineers Sacramento District,
mobbing_wiki_60627441.jpg,/home/kylelima21/BISONN/data/labeled/mobbing/mobbing_wiki_60627441.jpg,mobbing,wikimedia,,File:Black eagle mobbed by large-billed crow from Munsiyari 1 JEG8939.jpg,,,60627441,,CC BY-SA 4.0,PJeganathan,
mobbing_wiki_60627442.jpg,/home/kylelima21/BISONN/data/labeled/mobbing/mobbing_wiki_60627442.jpg,mobbing,wikimedia,,File:Black eagle mobbed by large-billed crow from Munsiyari 2 JEG8940.jpg,,,60627442,,CC BY-SA 4.0,PJeganathan,
mobbing_wiki_60627443.jpg,/home/kylelima21/BISONN/data/labeled/mobbing/mobbing_wiki_60627443.jpg,mobbing,wikimedia,,File:Black eagle mobbed by large-billed crow from Munsiyari 4 JEG8942.jpg,,,60627443,,CC BY-SA 4.0,PJeganathan,
mobbing_wiki_60627445.jpg,/home/kylelima21/BISONN/data/labeled/mobbing/mobbing_wiki_60627445.jpg,mobbing,wikimedia,,File:Black eagle mobbed by large-billed crow from Munsiyari 6 JEG8944.jpg,,,60627445,,CC BY-SA 4.0,PJeganathan,
mobbing_wiki_60627448.jpg,/home/kylelima21/BISONN/data/labeled/mobbing/mobbing_wiki_60627448.jpg,mobbing,wikimedia,,File:Black eagle mobbed by large-billed crow from Munsiyari 7 JEG8945.jpg,,,60627448,,CC BY-SA 4.0,PJeganathan,
mobbing_wiki_60627451.jpg,/home/kylelima21/BISONN/data/labeled/mobbing/mobbing_wiki_60627451.jpg,mobbing,wikimedia,,File:Black eagle mobbed by large-billed crow from Munsiyari 8 JEG8946.jpg,,,60627451,,CC BY-SA 4.0,PJeganathan,
mobbing_wiki_60627456.jpg,/home/kylelima21/BISONN/data/labeled/mobbing/mobbing_wiki_60627456.jpg,mobbing,wikimedia,,File:Black eagle mobbed by large-billed crow from Munsiyari 11 JEG8949.jpg,,,60627456,,CC BY-SA 4.0,PJeganathan,
mobbing_wiki_60627457.jpg,/home/kylelima21/BISONN/data/labeled/mobbing/mobbing_wiki_60627457.jpg,mobbing,wikimedia,,File:Black eagle mobbed by large-billed crow from Munsiyari 10 JEG8948.jpg,,,60627457,,CC BY-SA 4.0,PJeganathan,
mobbing_wiki_60627458.jpg,/home/kylelima21/BISONN/data/labeled/mobbing/mobbing_wiki_60627458.jpg,mobbing,wikimedia,,File:Black eagle mobbed by large-billed crow from Munsiyari 12 JEG8950.jpg,,,60627458,,CC BY-SA 4.0,PJeganathan,
mobbing_wiki_60627460.jpg,/home/kylelima21/BISONN/data/labeled/mobbing/mobbing_wiki_60627460.jpg,mobbing,wikimedia,,File:Black eagle mobbed by large-billed crow from Munsiyari 13 JEG8951.jpg,,,60627460,,CC BY-SA 4.0,PJeganathan,
mobbing_wiki_60627461.jpg,/home/kylelima21/BISONN/data/labeled/mobbing/mobbing_wiki_60627461.jpg,mobbing,wikimedia,,File:Black eagle mobbed by large-billed crow from Munsiyari 14 JEG8952.jpg,,,60627461,,CC BY-SA 4.0,PJeganathan,
mobbing_wiki_63990202.jpg,/home/kylelima21/BISONN/data/labeled/mobbing/mobbing_wiki_63990202.jpg,mobbing,wikimedia,,File:The Bigger Picture (5710671001).jpg,,,63990202,,CC BY 2.0,"Peter Trimming from Croydon, England",
mobbing_wiki_7087189.jpg,/home/kylelima21/BISONN/data/labeled/mobbing/mobbing_wiki_7087189.jpg,mobbing,wikimedia,,File:Red-winged blackbird and turkey vulture 4014.jpg,,,7087189,,CC BY-SA 3.0 us,Dori,
mobbing_wiki_7087215.jpg,/home/kylelima21/BISONN/data/labeled/mobbing/mobbing_wiki_7087215.jpg,mobbing,wikimedia,,File:Redtail hawk chased by crows 4391.jpg,,,7087215,,CC BY-SA 3.0 us,Dori,
mobbing_wiki_71383219.jpg,/home/kylelima21/BISONN/data/labeled/mobbing/mobbing_wiki_71383219.jpg,mobbing,wikimedia,,"File:Corvus cornix mobbing Circus aeruginosus, Cremona, Italy (55179546).jpg",,,71383219,,CC BY-SA 3.0,Stefano Bodini,
mobbing_wiki_74120567.jpg,/home/kylelima21/BISONN/data/labeled/mobbing/mobbing_wiki_74120567.jpg,mobbing,wikimedia,,"File:Raven mobbing Bearded Vulture, Sagarmatha, Nepal 3681 (25523449818).jpg",,,74120567,,CC BY-SA 2.0,"Donald Macauley from Carshalton, Surrey, UK",
mobbing_wiki_74580847.jpg,/home/kylelima21/BISONN/data/labeled/mobbing/mobbing_wiki_74580847.jpg,mobbing,wikimedia,,File:Dog fight.. (2636431540).jpg,,,74580847,,CC BY 2.0,"Matt MacGillivray from Toronto, Canada",
mobbing_wiki_74715744.jpg,/home/kylelima21/BISONN/data/labeled/mobbing/mobbing_wiki_74715744.jpg,mobbing,wikimedia,,"File:Black-winged Kite mobbed by a House Crow, Walayar, Palakkad district, Kerala.jpg",,,74715744,,CC BY-SA 3.0,Gowthaman_k.a,
mobbing_wiki_74774379.jpg,/home/kylelima21/BISONN/data/labeled/mobbing/mobbing_wiki_74774379.jpg,mobbing,wikimedia,,File:Sandhill Crane mobbed by Red-winged Blackbird - Ohio - FJ0A0758 (38916605975).jpg,,,74774379,,CC BY-SA 2.0,Francesco Veronesi from Italy,
mobbing_wiki_75668810.jpg,/home/kylelima21/BISONN/data/labeled/mobbing/mobbing_wiki_75668810.jpg,mobbing,wikimedia,,"File:Sparrowhawk seeing off Crow, Cirencester (45563902694).jpg",,,75668810,,CC BY 2.0,"gailhampshire from Cradley, Malvern, U.K",
mobbing_wiki_79389654.jpg,/home/kylelima21/BISONN/data/labeled/mobbing/mobbing_wiki_79389654.jpg,mobbing,wikimedia,,"File:Brahmany Kite being mobbed by a crow, Sri Lanka.jpg",,,79389654,,CC BY-SA 4.0,Thusitha Weerasinghe,
mobbing_wiki_80165892.jpg,/home/kylelima21/BISONN/data/labeled/mobbing/mobbing_wiki_80165892.jpg,mobbing,wikimedia,,File:Frigging Crows! (416730770).jpg,,,80165892,,CC BY-SA 2.0,"Martin Cathrae from Charlottetown, PE, Canada",
mobbing_wiki_81467888.jpg,/home/kylelima21/BISONN/data/labeled/mobbing/mobbing_wiki_81467888.jpg,mobbing,wikimedia,,File:Two crows chasing a hawk (28347538478).jpg,,,81467888,,CC BY-SA 2.0,"Mike's Birds from Riverside, CA, US",
mobbing_wiki_81468805.jpg,/home/kylelima21/BISONN/data/labeled/mobbing/mobbing_wiki_81468805.jpg,mobbing,wikimedia,,File:Mockingbird dive bombing Cooper's Hawk (35598944133).jpg,,,81468805,,CC BY-SA 2.0,"Mike's Birds from Riverside, CA, US",
mobbing_wiki_81468806.jpg,/home/kylelima21/BISONN/data/labeled/mobbing/mobbing_wiki_81468806.jpg,mobbing,wikimedia,,File:Mockingbird dive bombing Cooper's Hawk (36010338270).jpg,,,81468806,,CC BY-SA 2.0,"Mike's Birds from Riverside, CA, US",
mobbing_wiki_81468808.jpg,/home/kylelima21/BISONN/data/labeled/mobbing/mobbing_wiki_81468808.jpg,mobbing,wikimedia,,File:Mockingbird dive bombing Cooper's Hawk (35598944103).jpg,,,81468808,,CC BY-SA 2.0,"Mike's Birds from Riverside, CA, US",
mobbing_wiki_81468811.jpg,/home/kylelima21/BISONN/data/labeled/mobbing/mobbing_wiki_81468811.jpg,mobbing,wikimedia,,File:Mockingbird dive bombing Cooper's Hawk (36010338030).jpg,,,81468811,,CC BY-SA 2.0,"Mike's Birds from Riverside, CA, US",
mobbing_wiki_81919756.jpg,/home/kylelima21/BISONN/data/labeled/mobbing/mobbing_wiki_81919756.jpg,mobbing,wikimedia,,File:Short-eared Owl (Asio flammeus) (48051443802).jpg,,,81919756,,CC BY-SA 2.0,"Imran Shah from Islamabad, Pakistan",
mobbing_wiki_81919809.jpg,/home/kylelima21/BISONN/data/labeled/mobbing/mobbing_wiki_81919809.jpg,mobbing,wikimedia,,File:Short-eared Owl (Asio flammeus) (32823211037).jpg,,,81919809,,CC BY-SA 2.0,"Imran Shah from Islamabad, Pakistan",
mobbing_wiki_81919875.jpg,/home/kylelima21/BISONN/data/labeled/mobbing/mobbing_wiki_81919875.jpg,mobbing,wikimedia,,File:Short-eared Owl (Asio flammeus) (46249782461).jpg,,,81919875,,CC BY-SA 2.0,"Imran Shah from Islamabad, Pakistan",
mobbing_wiki_88265082.jpg,/home/kylelima21/BISONN/data/labeled/mobbing/mobbing_wiki_88265082.jpg,mobbing,wikimedia,,File:Pacific baza chased by Torresian crows 7th Brigade Park Chermside P1090861.jpg,,,88265082,,CC BY-SA 4.0,John Robert McPherson,
mobbing_wiki_91091390.jpg,/home/kylelima21/BISONN/data/labeled/mobbing/mobbing_wiki_91091390.jpg,mobbing,wikimedia,,"File:Great Blue Heron chased by a Red-winged Blackbird, California.jpg",,,91091390,,CC BY 2.0,Channel City Camera Club,
mobbing_wiki_91344664.jpg,/home/kylelima21/BISONN/data/labeled/mobbing/mobbing_wiki_91344664.jpg,mobbing,wikimedia,,File:Heringsmöwe (larus fuscus) greift Sumpfohreule (asio flammeus) an (Spiekeroog - Nationalpark niedersächsisches Wattenmeer).jpg,,,91344664,,CC BY-SA 4.0,Stephan Sprinz,
mobbing_wiki_91344666.jpg,/home/kylelima21/BISONN/data/labeled/mobbing/mobbing_wiki_91344666.jpg,mobbing,wikimedia,,File:Heringsmöwe (larus fuscus) greift Sumpfohreule (asio flammeus) an (Spiekeroog - Nationalpark niedersächsisches Wattenmeer) (2).jpg,,,91344666,,CC BY-SA 4.0,Stephan Sprinz,
mobbing_wiki_91344668.jpg,/home/kylelima21/BISONN/data/labeled/mobbing/mobbing_wiki_91344668.jpg,mobbing,wikimedia,,File:Heringsmöwe (larus fuscus) greift Sumpfohreule (asio flammeus) an (Spiekeroog - Nationalpark niedersächsisches Wattenmeer) (3).jpg,,,91344668,,CC BY-SA 4.0,Stephan Sprinz,
mobbing_wiki_93781428.jpg,/home/kylelima21/BISONN/data/labeled/mobbing/mobbing_wiki_93781428.jpg,mobbing,wikimedia,,File:A Tern Pooping on an Indian Pond Heron to scare (49901078486).jpg,,,93781428,,CC BY 2.0,Hari K  Patibanda,
mobbing_wiki_95659742.jpg,/home/kylelima21/BISONN/data/labeled/mobbing/mobbing_wiki_95659742.jpg,mobbing,wikimedia,,File:Cooper's hawk feeding on a blue jay 4.jpg,,,95659742,,CC BY 2.0,James St. John,
mobbing_wiki_97009497.jpg,/home/kylelima21/BISONN/data/labeled/mobbing/mobbing_wiki_97009497.jpg,mobbing,wikimedia,,File:Crows chasing away a dangerous red tailed hawk.jpg,,,97009497,,CC BY-SA 4.0,NikkyPA1,
mobbing_wiki_9813147.jpg,/home/kylelima21/BISONN/data/labeled/mobbing/mobbing_wiki_9813147.jpg,mobbing,wikimedia,,File:2010-03-23 (23) Bird.JPG,,,9813147,,CC BY-SA 3.0,Vera Buhl,
mobbing_wiki_99857811.jpg,/home/kylelima21/BISONN/data/labeled/mobbing/mobbing_wiki_99857811.jpg,mobbing,wikimedia,,File:Booted eagle being chased by the crow.jpg,,,99857811,,CC BY-SA 4.0,Shino jacob koottanad,
none_110957713.jpg,/home/kylelima21/BISONN/data/labeled/none/none_110957713.jpg,none,inaturalist,,https://www.inaturalist.org/photos/110957713,,,110957713,,cc-by-nc,"(c) iNaturalist contributor, some rights reserved (CC BY-NC)",
none_121859812.jpg,/home/kylelima21/BISONN/data/labeled/none/none_121859812.jpg,none,inaturalist,,https://www.inaturalist.org/photos/121859812,,,121859812,,cc-by-nc,"(c) iNaturalist contributor, some rights reserved (CC BY-NC)",
none_156687595.jpg,/home/kylelima21/BISONN/data/labeled/none/none_156687595.jpg,none,inaturalist,,https://www.inaturalist.org/photos/156687595,,,156687595,,cc-by-nc,"(c) iNaturalist contributor, some rights reserved (CC BY-NC)",
none_156687621.jpg,/home/kylelima21/BISONN/data/labeled/none/none_156687621.jpg,none,inaturalist,,https://www.inaturalist.org/photos/156687621,,,156687621,,cc-by-nc,"(c) iNaturalist contributor, some rights reserved (CC BY-NC)",
none_156687654.jpg,/home/kylelima21/BISONN/data/labeled/none/none_156687654.jpg,none,inaturalist,,https://www.inaturalist.org/photos/156687654,,,156687654,,cc-by-nc,"(c) iNaturalist contributor, some rights reserved (CC BY-NC)",
none_156687677.jpg,/home/kylelima21/BISONN/data/labeled/none/none_156687677.jpg,none,inaturalist,,https://www.inaturalist.org/photos/156687677,,,156687677,,cc-by-nc,"(c) iNaturalist contributor, some rights reserved (CC BY-NC)",
none_179069342.jpg,/home/kylelima21/BISONN/data/labeled/none/none_179069342.jpg,none,inaturalist,,https://www.inaturalist.org/photos/179069342,,,179069342,,cc-by-nc,"(c) iNaturalist contributor, some rights reserved (CC BY-NC)",
none_179069347.jpg,/home/kylelima21/BISONN/data/labeled/none/none_179069347.jpg,none,inaturalist,,https://www.inaturalist.org/photos/179069347,,,179069347,,cc-by-nc,"(c) iNaturalist contributor, some rights reserved (CC BY-NC)",
none_179069353.jpg,/home/kylelima21/BISONN/data/labeled/none/none_179069353.jpg,none,inaturalist,,https://www.inaturalist.org/photos/179069353,,,179069353,,cc-by-nc,"(c) iNaturalist contributor, some rights reserved (CC BY-NC)",
none_181838998.jpeg,/home/kylelima21/BISONN/data/labeled/none/none_181838998.jpeg,none,inaturalist,,https://www.inaturalist.org/photos/181838998,,,181838998,,cc-by-nc,"(c) iNaturalist contributor, some rights reserved (CC BY-NC)",
none_188768362.jpeg,/home/kylelima21/BISONN/data/labeled/none/none_188768362.jpeg,none,inaturalist,,https://www.inaturalist.org/photos/188768362,,,188768362,,cc-by-nc,"(c) iNaturalist contributor, some rights reserved (CC BY-NC)",
none_193203531.jpeg,/home/kylelima21/BISONN/data/labeled/none/none_193203531.jpeg,none,inaturalist,,https://www.inaturalist.org/photos/193203531,,,193203531,,cc-by-nc,"(c) iNaturalist contributor, some rights reserved (CC BY-NC)",
none_204686831.jpeg,/home/kylelima21/BISONN/data/labeled/none/none_204686831.jpeg,none,inaturalist,,https://www.inaturalist.org/photos/204686831,,,204686831,,cc-by-nc,"(c) iNaturalist contributor, some rights reserved (CC BY-NC)",
none_207322643.jpeg,/home/kylelima21/BISONN/data/labeled/none/none_207322643.jpeg,none,inaturalist,,https://www.inaturalist.org/photos/207322643,,,207322643,,cc-by-nc,"(c) iNaturalist contributor, some rights reserved (CC BY-NC)",
none_2108437.jpg,/home/kylelima21/BISONN/data/labeled/none/none_2108437.jpg,none,inaturalist,,https://www.inaturalist.org/photos/2108437,,,2108437,,cc-by-nc,"(c) iNaturalist contributor, some rights reserved (CC BY-NC)",
none_213857777.jpg,/home/kylelima21/BISONN/data/labeled/none/none_213857777.jpg,none,inaturalist,,https://www.inaturalist.org/photos/213857777,,,213857777,,cc-by-nc,"(c) iNaturalist contributor, some rights reserved (CC BY-NC)",
none_234859441.jpeg,/home/kylelima21/BISONN/data/labeled/none/none_234859441.jpeg,none,inaturalist,,https://www.inaturalist.org/photos/234859441,,,234859441,,cc-by-nc,"(c) iNaturalist contributor, some rights reserved (CC BY-NC)",
none_234859709.jpeg,/home/kylelima21/BISONN/data/labeled/none/none_234859709.jpeg,none,inaturalist,,https://www.inaturalist.org/photos/234859709,,,234859709,,cc-by-nc,"(c) iNaturalist contributor, some rights reserved (CC BY-NC)",
none_234859721.jpeg,/home/kylelima21/BISONN/data/labeled/none/none_234859721.jpeg,none,inaturalist,,https://www.inaturalist.org/photos/234859721,,,234859721,,cc-by-nc,"(c) iNaturalist contributor, some rights reserved (CC BY-NC)",
none_234859736.jpeg,/home/kylelima21/BISONN/data/labeled/none/none_234859736.jpeg,none,inaturalist,,https://www.inaturalist.org/photos/234859736,,,234859736,,cc-by-nc,"(c) iNaturalist contributor, some rights reserved (CC BY-NC)",
none_235500649.jpeg,/home/kylelima21/BISONN/data/labeled/none/none_235500649.jpeg,none,inaturalist,,https://www.inaturalist.org/photos/235500649,,,235500649,,cc-by-nc,"(c) iNaturalist contributor, some rights reserved (CC BY-NC)",
none_235500653.jpeg,/home/kylelima21/BISONN/data/labeled/none/none_235500653.jpeg,none,inaturalist,,https://www.inaturalist.org/photos/235500653,,,235500653,,cc-by-nc,"(c) iNaturalist contributor, some rights reserved (CC BY-NC)",
none_287536327.jpg,/home/kylelima21/BISONN/data/labeled/none/none_287536327.jpg,none,inaturalist,,https://www.inaturalist.org/photos/287536327,,,287536327,,cc-by-nc,"(c) iNaturalist contributor, some rights reserved (CC BY-NC)",
none_287547084.jpg,/home/kylelima21/BISONN/data/labeled/none/none_287547084.jpg,none,inaturalist,,https://www.inaturalist.org/photos/287547084,,,287547084,,cc-by-nc,"(c) iNaturalist contributor, some rights reserved (CC BY-NC)",
none_287554260.jpg,/home/kylelima21/BISONN/data/labeled/none/none_287554260.jpg,none,inaturalist,,https://www.inaturalist.org/photos/287554260,,,287554260,,cc-by-nc,"(c) iNaturalist contributor, some rights reserved (CC BY-NC)",
none_294707344.jpg,/home/kylelima21/BISONN/data/labeled/none/none_294707344.jpg,none,inaturalist,,https://www.inaturalist.org/photos/294707344,,,294707344,,cc-by-nc,"(c) iNaturalist contributor, some rights reserved (CC BY-NC)",
none_294707376.jpg,/home/kylelima21/BISONN/data/labeled/none/none_294707376.jpg,none,inaturalist,,https://www.inaturalist.org/photos/294707376,,,294707376,,cc-by-nc,"(c) iNaturalist contributor, some rights reserved (CC BY-NC)",
none_294707419.jpg,/home/kylelima21/BISONN/data/labeled/none/none_294707419.jpg,none,inaturalist,,https://www.inaturalist.org/photos/294707419,,,294707419,,cc-by-nc,"(c) iNaturalist contributor, some rights reserved (CC BY-NC)",
none_304911350.jpeg,/home/kylelima21/BISONN/data/labeled/none/none_304911350.jpeg,none,inaturalist,,https://www.inaturalist.org/photos/304911350,,,304911350,,cc-by-nc,"(c) iNaturalist contributor, some rights reserved (CC BY-NC)",
none_321145330.jpg,/home/kylelima21/BISONN/data/labeled/none/none_321145330.jpg,none,inaturalist,,https://www.inaturalist.org/photos/321145330,,,321145330,,cc-by-nc,"(c) iNaturalist contributor, some rights reserved (CC BY-NC)",
none_330719593.jpg,/home/kylelima21/BISONN/data/labeled/none/none_330719593.jpg,none,inaturalist,,https://www.inaturalist.org/photos/330719593,,,330719593,,cc-by-nc,"(c) iNaturalist contributor, some rights reserved (CC BY-NC)",
none_334470327.jpg,/home/kylelima21/BISONN/data/labeled/none/none_334470327.jpg,none,inaturalist,,https://www.inaturalist.org/photos/334470327,,,334470327,,cc-by-nc,"(c) iNaturalist contributor, some rights reserved (CC BY-NC)",
none_344751399.jpg,/home/kylelima21/BISONN/data/labeled/none/none_344751399.jpg,none,inaturalist,,https://www.inaturalist.org/photos/344751399,,,344751399,,cc-by-nc,"(c) iNaturalist contributor, some rights reserved (CC BY-NC)",
none_344751408.jpg,/home/kylelima21/BISONN/data/labeled/none/none_344751408.jpg,none,inaturalist,,https://www.inaturalist.org/photos/344751408,,,344751408,,cc-by-nc,"(c) iNaturalist contributor, some rights reserved (CC BY-NC)",
none_345137508.jpeg,/home/kylelima21/BISONN/data/labeled/none/none_345137508.jpeg,none,inaturalist,,https://www.inaturalist.org/photos/345137508,,,345137508,,cc-by-nc,"(c) iNaturalist contributor, some rights reserved (CC BY-NC)",
none_345137527.jpeg,/home/kylelima21/BISONN/data/labeled/none/none_345137527.jpeg,none,inaturalist,,https://www.inaturalist.org/photos/345137527,,,345137527,,cc-by-nc,"(c) iNaturalist contributor, some rights reserved (CC BY-NC)",
none_345137553.jpeg,/home/kylelima21/BISONN/data/labeled/none/none_345137553.jpeg,none,inaturalist,,https://www.inaturalist.org/photos/345137553,,,345137553,,cc-by-nc,"(c) iNaturalist contributor, some rights reserved (CC BY-NC)",
none_351489086.jpeg,/home/kylelima21/BISONN/data/labeled/none/none_351489086.jpeg,none,inaturalist,,https://www.inaturalist.org/photos/351489086,,,351489086,,cc-by-nc,"(c) iNaturalist contributor, some rights reserved (CC BY-NC)",
none_366283562.jpg,/home/kylelima21/BISONN/data/labeled/none/none_366283562.jpg,none,inaturalist,,https://www.inaturalist.org/photos/366283562,,,366283562,,cc-by-nc,"(c) iNaturalist contributor, some rights reserved (CC BY-NC)",
none_366283675.jpg,/home/kylelima21/BISONN/data/labeled/none/none_366283675.jpg,none,inaturalist,,https://www.inaturalist.org/photos/366283675,,,366283675,,cc-by-nc,"(c) iNaturalist contributor, some rights reserved (CC BY-NC)",
none_367265893.jpg,/home/kylelima21/BISONN/data/labeled/none/none_367265893.jpg,none,inaturalist,,https://www.inaturalist.org/photos/367265893,,,367265893,,cc-by-nc,"(c) iNaturalist contributor, some rights reserved (CC BY-NC)",
none_367265897.jpg,/home/kylelima21/BISONN/data/labeled/none/none_367265897.jpg,none,inaturalist,,https://www.inaturalist.org/photos/367265897,,,367265897,,cc-by-nc,"(c) iNaturalist contributor, some rights reserved (CC BY-NC)",
none_374196151.jpeg,/home/kylelima21/BISONN/data/labeled/none/none_374196151.jpeg,none,inaturalist,,https://www.inaturalist.org/photos/374196151,,,374196151,,cc-by-nc,"(c) iNaturalist contributor, some rights reserved (CC BY-NC)",
none_375347623.jpeg,/home/kylelima21/BISONN/data/labeled/none/none_375347623.jpeg,none,inaturalist,,https://www.inaturalist.org/photos/375347623,,,375347623,,cc-by-nc,"(c) iNaturalist contributor, some rights reserved (CC BY-NC)",
none_377861519.jpeg,/home/kylelima21/BISONN/data/labeled/none/none_377861519.jpeg,none,inaturalist,,https://www.inaturalist.org/photos/377861519,,,377861519,,cc-by-nc,"(c) iNaturalist contributor, some rights reserved (CC BY-NC)",
none_385589617.jpg,/home/kylelima21/BISONN/data/labeled/none/none_385589617.jpg,none,inaturalist,,https://www.inaturalist.org/photos/385589617,,,385589617,,cc-by-nc,"(c) iNaturalist contributor, some rights reserved (CC BY-NC)",
none_402766047.jpg,/home/kylelima21/BISONN/data/labeled/none/none_402766047.jpg,none,inaturalist,,https://www.inaturalist.org/photos/402766047,,,402766047,,cc-by-nc,"(c) iNaturalist contributor, some rights reserved (CC BY-NC)",
none_402766061.jpg,/home/kylelima21/BISONN/data/labeled/none/none_402766061.jpg,none,inaturalist,,https://www.inaturalist.org/photos/402766061,,,402766061,,cc-by-nc,"(c) iNaturalist contributor, some rights reserved (CC BY-NC)",
none_402766072.jpg,/home/kylelima21/BISONN/data/labeled/none/none_402766072.jpg,none,inaturalist,,https://www.inaturalist.org/photos/402766072,,,402766072,,cc-by-nc,"(c) iNaturalist contributor, some rights reserved (CC BY-NC)",
none_432953504.jpg,/home/kylelima21/BISONN/data/labeled/none/none_432953504.jpg,none,inaturalist,,https://www.inaturalist.org/photos/432953504,,,432953504,,cc-by-nc,"(c) iNaturalist contributor, some rights reserved (CC BY-NC)",
none_435496057.jpeg,/home/kylelima21/BISONN/data/labeled/none/none_435496057.jpeg,none,inaturalist,,https://www.inaturalist.org/photos/435496057,,,435496057,,cc-by-nc,"(c) iNaturalist contributor, some rights reserved (CC BY-NC)",
none_435496080.jpeg,/home/kylelima21/BISONN/data/labeled/none/none_435496080.jpeg,none,inaturalist,,https://www.inaturalist.org/photos/435496080,,,435496080,,cc-by-nc,"(c) iNaturalist contributor, some rights reserved (CC BY-NC)",
none_437746741.jpeg,/home/kylelima21/BISONN/data/labeled/none/none_437746741.jpeg,none,inaturalist,,https://www.inaturalist.org/photos/437746741,,,437746741,,cc-by-nc,"(c) iNaturalist contributor, some rights reserved (CC BY-NC)",
none_444241634.jpg,/home/kylelima21/BISONN/data/labeled/none/none_444241634.jpg,none,inaturalist,,https://www.inaturalist.org/photos/444241634,,,444241634,,cc-by-nc,"(c) iNaturalist contributor, some rights reserved (CC BY-NC)",
none_449378360.jpg,/home/kylelima21/BISONN/data/labeled/none/none_449378360.jpg,none,inaturalist,,https://www.inaturalist.org/photos/449378360,,,449378360,,cc-by-nc,"(c) iNaturalist contributor, some rights reserved (CC BY-NC)",
none_449378405.jpg,/home/kylelima21/BISONN/data/labeled/none/none_449378405.jpg,none,inaturalist,,https://www.inaturalist.org/photos/449378405,,,449378405,,cc-by-nc,"(c) iNaturalist contributor, some rights reserved (CC BY-NC)",
none_451537701.jpeg,/home/kylelima21/BISONN/data/labeled/none/none_451537701.jpeg,none,inaturalist,,https://www.inaturalist.org/photos/451537701,,,451537701,,cc-by-nc,"(c) iNaturalist contributor, some rights reserved (CC BY-NC)",
none_456823176.jpeg,/home/kylelima21/BISONN/data/labeled/none/none_456823176.jpeg,none,inaturalist,,https://www.inaturalist.org/photos/456823176,,,456823176,,cc-by-nc,"(c) iNaturalist contributor, some rights reserved (CC BY-NC)",
none_456823226.jpeg,/home/kylelima21/BISONN/data/labeled/none/none_456823226.jpeg,none,inaturalist,,https://www.inaturalist.org/photos/456823226,,,456823226,,cc-by-nc,"(c) iNaturalist contributor, some rights reserved (CC BY-NC)",
none_458252878.jpeg,/home/kylelima21/BISONN/data/labeled/none/none_458252878.jpeg,none,inaturalist,,https://www.inaturalist.org/photos/458252878,,,458252878,,cc-by-nc,"(c) iNaturalist contributor, some rights reserved (CC BY-NC)",
none_458252891.jpeg,/home/kylelima21/BISONN/data/labeled/none/none_458252891.jpeg,none,inaturalist,,https://www.inaturalist.org/photos/458252891,,,458252891,,cc-by-nc,"(c) iNaturalist contributor, some rights reserved (CC BY-NC)",
none_458252913.jpeg,/home/kylelima21/BISONN/data/labeled/none/none_458252913.jpeg,none,inaturalist,,https://www.inaturalist.org/photos/458252913,,,458252913,,cc-by-nc,"(c) iNaturalist contributor, some rights reserved (CC BY-NC)",
none_53123192.jpeg,/home/kylelima21/BISONN/data/labeled/none/none_53123192.jpeg,none,inaturalist,,https://www.inaturalist.org/photos/53123192,,,53123192,,cc-by-nc,"(c) iNaturalist contributor, some rights reserved (CC BY-NC)",
none_542355371.jpg,/home/kylelima21/BISONN/data/labeled/none/none_542355371.jpg,none,inaturalist,,https://www.inaturalist.org/photos/542355371,,,542355371,,cc-by-nc,"(c) iNaturalist contributor, some rights reserved (CC BY-NC)",
none_553233319.jpg,/home/kylelima21/BISONN/data/labeled/none/none_553233319.jpg,none,inaturalist,,https://www.inaturalist.org/photos/553233319,,,553233319,,cc-by-nc,"(c) iNaturalist contributor, some rights reserved (CC BY-NC)",
none_63546513.jpg,/home/kylelima21/BISONN/data/labeled/none/none_63546513.jpg,none,inaturalist,,https://www.inaturalist.org/photos/63546513,,,63546513,,cc-by-nc,"(c) iNaturalist contributor, some rights reserved (CC BY-NC)",
none_63546517.jpg,/home/kylelima21/BISONN/data/labeled/none/none_63546517.jpg,none,inaturalist,,https://www.inaturalist.org/photos/63546517,,,63546517,,cc-by-nc,"(c) iNaturalist contributor, some rights reserved (CC BY-NC)",
none_66397473.jpeg,/home/kylelima21/BISONN/data/labeled/none/none_66397473.jpeg,none,inaturalist,,https://www.inaturalist.org/photos/66397473,,,66397473,,cc-by-nc,"(c) iNaturalist contributor, some rights reserved (CC BY-NC)",
none_698899991.jpg,/home/kylelima21/BISONN/data/labeled/none/none_698899991.jpg,none,inaturalist,,https://www.inaturalist.org/photos/698899991,,,698899991,,cc-by-nc,"(c) iNaturalist contributor, some rights reserved (CC BY-NC)",
none_74929846.jpeg,/home/kylelima21/BISONN/data/labeled/none/none_74929846.jpeg,none,inaturalist,,https://www.inaturalist.org/photos/74929846,,,74929846,,cc-by-nc,"(c) iNaturalist contributor, some rights reserved (CC BY-NC)",
none_74929949.jpeg,/home/kylelima21/BISONN/data/labeled/none/none_74929949.jpeg,none,inaturalist,,https://www.inaturalist.org/photos/74929949,,,74929949,,cc-by-nc,"(c) iNaturalist contributor, some rights reserved (CC BY-NC)",
none_74929965.jpeg,/home/kylelima21/BISONN/data/labeled/none/none_74929965.jpeg,none,inaturalist,,https://www.inaturalist.org/photos/74929965,,,74929965,,cc-by-nc,"(c) iNaturalist contributor, some rights reserved (CC BY-NC)",
none_74929973.jpeg,/home/kylelima21/BISONN/data/labeled/none/none_74929973.jpeg,none,inaturalist,,https://www.inaturalist.org/photos/74929973,,,74929973,,cc-by-nc,"(c) iNaturalist contributor, some rights reserved (CC BY-NC)",
none_88132505.jpeg,/home/kylelima21/BISONN/data/labeled/none/none_88132505.jpeg,none,inaturalist,,https://www.inaturalist.org/photos/88132505,,,88132505,,cc-by-nc,"(c) iNaturalist contributor, some rights reserved (CC BY-NC)",
none_88132531.jpeg,/home/kylelima21/BISONN/data/labeled/none/none_88132531.jpeg,none,inaturalist,,https://www.inaturalist.org/photos/88132531,,,88132531,,cc-by-nc,"(c) iNaturalist contributor, some rights reserved (CC BY-NC)",
none_88132562.jpeg,/home/kylelima21/BISONN/data/labeled/none/none_88132562.jpeg,none,inaturalist,,https://www.inaturalist.org/photos/88132562,,,88132562,,cc-by-nc,"(c) iNaturalist contributor, some rights reserved (CC BY-NC)",
none_88132596.jpeg,/home/kylelima21/BISONN/data/labeled/none/none_88132596.jpeg,none,inaturalist,,https://www.inaturalist.org/photos/88132596,,,88132596,,cc-by-nc,"(c) iNaturalist contributor, some rights reserved (CC BY-NC)",
none_96391589.jpg,/home/kylelima21/BISONN/data/labeled/none/none_96391589.jpg,none,inaturalist,,https://www.inaturalist.org/photos/96391589,,,96391589,,cc-by-nc,"(c) iNaturalist contributor, some rights reserved (CC BY-NC)",
none_wiki_110194540.jpg,/home/kylelima21/BISONN/data/labeled/none/none_wiki_110194540.jpg,none,wikimedia,,File:A Watchful Ashy Drongo chasing a raptor (50978781766).jpg,,,110194540,,CC BY 2.0,Hari K  Patibanda,
none_wiki_110197739.jpg,/home/kylelima21/BISONN/data/labeled/none/none_wiki_110197739.jpg,none,wikimedia,,File:An Eurasian Harrier - Harrying (50348420188).jpg,,,110197739,,CC BY 2.0,Hari K  Patibanda,
none_wiki_110197763.jpg,/home/kylelima21/BISONN/data/labeled/none/none_wiki_110197763.jpg,none,wikimedia,,File:The First Winter Migrant Raptor this season - A Eurasian Marsh Harrier (50348420108).jpg,,,110197763,,CC BY 2.0,Hari K  Patibanda,
none_wiki_110708002.jpg,/home/kylelima21/BISONN/data/labeled/none/none_wiki_110708002.jpg,none,wikimedia,,File:Avocets and Dowitchers in Wetland West of Dunes (34443405922).jpg,,,110708002,,Public domain,Great Sand Dunes National Park and Preserve,
none_wiki_116354779.jpg,/home/kylelima21/BISONN/data/labeled/none/none_wiki_116354779.jpg,none,wikimedia,,File:Eagle owl perched in tree - DPLA - 4f3ea00b5002bddad7f51111a51a39f4.jpg,,,116354779,,CC BY-SA 4.0,"Garst, Warren, 1922-2016, photographer",
none_wiki_117599602.jpg,/home/kylelima21/BISONN/data/labeled/none/none_wiki_117599602.jpg,none,wikimedia,,File:Ceder Waxwing in a tree.jpg,,,117599602,,CC BY 2.0,MattysFlicks,
none_wiki_123158510.jpg,/home/kylelima21/BISONN/data/labeled/none/none_wiki_123158510.jpg,none,wikimedia,,File:Great horned owl at Seedskadee National Wildlife Refuge (50380396766).jpg,,,123158510,,Public domain,USFWS Mountain-Prairie,
none_wiki_123158514.jpg,/home/kylelima21/BISONN/data/labeled/none/none_wiki_123158514.jpg,none,wikimedia,,File:Great horned owl at Seedskadee National Wildlife Refuge (50380394156).jpg,,,123158514,,Public domain,USFWS Mountain-Prairie,
none_wiki_126326945.jpg,/home/kylelima21/BISONN/data/labeled/none/none_wiki_126326945.jpg,none,wikimedia,,File:Great horned owl.jpg,,,126326945,,CC BY 2.0,Matt MacGillivray,
none_wiki_130171903.jpg,/home/kylelima21/BISONN/data/labeled/none/none_wiki_130171903.jpg,none,wikimedia,,File:Red-tailed Hawk getting mobbed by a Northern Mockingbird and Blue Jays.jpg,,,130171903,,CC BY 2.0,Wildreturn,
none_wiki_130171916.jpg,/home/kylelima21/BISONN/data/labeled/none/none_wiki_130171916.jpg,none,wikimedia,,File:Red-tailed Hawk getting mobbed by a Northern Mockingbird and Blue Jays - 52113520229.jpg,,,130171916,,CC BY 2.0,Wildreturn,
none_wiki_130171920.jpg,/home/kylelima21/BISONN/data/labeled/none/none_wiki_130171920.jpg,none,wikimedia,,File:Red-tailed Hawk with squirrel and mobbing Blue Jays.jpg,,,130171920,,CC BY 2.0,Wildreturn,
none_wiki_130171922.jpg,/home/kylelima21/BISONN/data/labeled/none/none_wiki_130171922.jpg,none,wikimedia,,File:Red-tailed Hawk with squirrel and mobbing Blue Jays - 52048958852.jpg,,,130171922,,CC BY 2.0,Wildreturn,
none_wiki_13028387.jpg,/home/kylelima21/BISONN/data/labeled/none/none_wiki_13028387.jpg,none,wikimedia,,File:Great Skua - geograph.org.uk - 500972.jpg,,,13028387,,CC BY-SA 2.0,Eileen Henderson,
none_wiki_133669407.jpg,/home/kylelima21/BISONN/data/labeled/none/none_wiki_133669407.jpg,none,wikimedia,,File:Gull dive-bombing a heron - geograph.org.uk - 5014368.jpg,,,133669407,,CC BY-SA 2.0,Mat Fascione,
none_wiki_134071783.jpg,/home/kylelima21/BISONN/data/labeled/none/none_wiki_134071783.jpg,none,wikimedia,,File:Great horned owl mobbed by crows cromwell 1.2.23 DSC 8052.jpg,,,134071783,,CC BY 2.0,lwolfartist,
none_wiki_14578467.jpg,/home/kylelima21/BISONN/data/labeled/none/none_wiki_14578467.jpg,none,wikimedia,,File:Bittern 2.jpg,,,14578467,,CC BY 2.0,Andy  Vernon,
none_wiki_146170882.jpg,/home/kylelima21/BISONN/data/labeled/none/none_wiki_146170882.jpg,none,wikimedia,,File:Asian Barred Owlet Facts 01.jpg,,,146170882,,CC BY 4.0,Shiv's fotografia,
none_wiki_146170883.jpg,/home/kylelima21/BISONN/data/labeled/none/none_wiki_146170883.jpg,none,wikimedia,,File:Asian Barred Owlet Facts 02.jpg,,,146170883,,CC BY 4.0,Shiv's fotografia,
none_wiki_21114425.jpg,/home/kylelima21/BISONN/data/labeled/none/none_wiki_21114425.jpg,none,wikimedia,,File:Sparrowhawk 1 (4060737887).jpg,,,21114425,,CC BY 2.0,"Tony Hisgett from Birmingham, UK",
none_wiki_24302831.jpg,/home/kylelima21/BISONN/data/labeled/none/none_wiki_24302831.jpg,none,wikimedia,,File:Masked Lapwing - Vanellus miles (6762609843).jpg,,,24302831,,CC BY 2.0,David Lochlin from Australia,
none_wiki_52332233.jpg,/home/kylelima21/BISONN/data/labeled/none/none_wiki_52332233.jpg,none,wikimedia,,File:Red tail Hawk - Flickr - brewbooks (2).jpg,,,52332233,,CC BY-SA 2.0,"brewbooks from near Seattle, USA",
none_wiki_52333301.jpg,/home/kylelima21/BISONN/data/labeled/none/none_wiki_52333301.jpg,none,wikimedia,,File:Red-tailed hawk - Flickr - brewbooks.jpg,,,52333301,,CC BY-SA 2.0,"brewbooks from near Seattle, USA",
none_wiki_60360018.jpg,/home/kylelima21/BISONN/data/labeled/none/none_wiki_60360018.jpg,none,wikimedia,,"File:Mobor Beach, Goa, India - panoramio (2).jpg",,,60360018,,CC BY 3.0,Владимир Кочадыков,
none_wiki_66590694.jpg,/home/kylelima21/BISONN/data/labeled/none/none_wiki_66590694.jpg,none,wikimedia,,File:Flying by!! (29354162824).jpg,,,66590694,,CC BY 2.0,"Chad Sparkes from Kissimmee,Florida, United States",
none_wiki_74580805.jpg,/home/kylelima21/BISONN/data/labeled/none/none_wiki_74580805.jpg,none,wikimedia,,File:Great horned owl (3095526088).jpg,,,74580805,,CC BY 2.0,"Matt MacGillivray from Toronto, Canada",
none_wiki_88265084.jpg,/home/kylelima21/BISONN/data/labeled/none/none_wiki_88265084.jpg,none,wikimedia,,File:Pacific baza chased by Torresian crows 7th Brigade Park Chermside P1090863.jpg,,,88265084,,CC BY-SA 4.0,John Robert McPherson,
none_wiki_88265085.jpg,/home/kylelima21/BISONN/data/labeled/none/none_wiki_88265085.jpg,none,wikimedia,,File:Pacific baza chased by Torresian crows 7th Brigade Park Chermside P1090865.jpg,,,88265085,,CC BY-SA 4.0,John Robert McPherson,
none_wiki_93781636.jpg,/home/kylelima21/BISONN/data/labeled/none/none_wiki_93781636.jpg,none,wikimedia,,File:Peregrine Falcon Consuming a Parrot - Relishing every bit of it! (49537973492).jpg,,,93781636,,CC BY 2.0,Hari K  Patibanda,
