filename,local_path,source,observation_id,observation_uri,species,taxon_name,photo_id,photo_url,photo_license,photo_attribution,search_query
mobbing_inat_517764085.jpg,/home/kylelima21/BISONN/data/labeled/mobbing/mobbing_inat_517764085.jpg,inaturalist,287940813,https://www.inaturalist.org/observations/287940813,,Passeriformes,517764085,https://inaturalist-open-data.s3.amazonaws.com/photos/517764085/original.jpg,cc-by-nc,"(c) Dylan Roca, some rights reserved (CC BY-NC)",mobbing
mobbing_inat_517764129.jpg,/home/kylelima21/BISONN/data/labeled/mobbing/mobbing_inat_517764129.jpg,inaturalist,287940813,https://www.inaturalist.org/observations/287940813,,Passeriformes,517764129,https://inaturalist-open-data.s3.amazonaws.com/photos/517764129/original.jpg,cc-by-nc,"(c) Dylan Roca, some rights reserved (CC BY-NC)",mobbing
mobbing_inat_517764167.jpg,/home/kylelima21/BISONN/data/labeled/mobbing/mobbing_inat_517764167.jpg,inaturalist,287940813,https://www.inaturalist.org/observations/287940813,,Passeriformes,517764167,https://inaturalist-open-data.s3.amazonaws.com/photos/517764167/original.jpg,cc-by-nc,"(c) Dylan Roca, some rights reserved (CC BY-NC)",mobbing
mobbing_inat_517764207.jpg,/home/kylelima21/BISONN/data/labeled/mobbing/mobbing_inat_517764207.jpg,inaturalist,287940813,https://www.inaturalist.org/observations/287940813,,Passeriformes,517764207,https://inaturalist-open-data.s3.amazonaws.com/photos/517764207/original.jpg,cc-by-nc,"(c) Dylan Roca, some rights reserved (CC BY-NC)",mobbing
mobbing_inat_672818436.jpg,/home/kylelima21/BISONN/data/labeled/mobbing/mobbing_inat_672818436.jpg,inaturalist,368378456,https://www.inaturalist.org/observations/368378456,Perching Birds,Passeriformes,672818436,https://inaturalist-open-data.s3.amazonaws.com/photos/672818436/original.jpg,cc-by-nc,"(c) Jesse Brister, some rights reserved (CC BY-NC)",mobbing
mobbing_inat_64745324.jpg,/home/kylelima21/BISONN/data/labeled/mobbing/mobbing_inat_64745324.jpg,inaturalist,40850297,https://www.inaturalist.org/observations/40850297,Perching Birds,Passeriformes,64745324,https://inaturalist-open-data.s3.amazonaws.com/photos/64745324/original.jpg,cc-by-nc,"(c) denny_c_20, some rights reserved (CC BY-NC)",mobbing
mobbing_inat_64745349.jpg,/home/kylelima21/BISONN/data/labeled/mobbing/mobbing_inat_64745349.jpg,inaturalist,40850297,https://www.inaturalist.org/observations/40850297,Perching Birds,Passeriformes,64745349,https://inaturalist-open-data.s3.amazonaws.com/photos/64745349/original.jpg,cc-by-nc,"(c) denny_c_20, some rights reserved (CC BY-NC)",mobbing
mobbing_inat_684305283.jpg,/home/kylelima21/BISONN/data/labeled/mobbing/mobbing_inat_684305283.jpg,inaturalist,374393908,https://www.inaturalist.org/observations/374393908,Perching Birds,Passeriformes,684305283,https://inaturalist-open-data.s3.amazonaws.com/photos/684305283/original.jpg,cc-by,"(c) Edoardo Nardelli, some rights reserved (CC BY)",mobbing
mobbing_inat_684305586.jpg,/home/kylelima21/BISONN/data/labeled/mobbing/mobbing_inat_684305586.jpg,inaturalist,374393908,https://www.inaturalist.org/observations/374393908,Perching Birds,Passeriformes,684305586,https://inaturalist-open-data.s3.amazonaws.com/photos/684305586/original.jpg,cc-by,"(c) Edoardo Nardelli, some rights reserved (CC BY)",mobbing
mobbing_inat_506508265.jpg,/home/kylelima21/BISONN/data/labeled/mobbing/mobbing_inat_506508265.jpg,inaturalist,281943509,https://www.inaturalist.org/observations/281943509,,Passeriformes,506508265,https://inaturalist-open-data.s3.amazonaws.com/photos/506508265/original.jpg,cc-by-nc,"(c) Sandy Milfeld, some rights reserved (CC BY-NC)",mobbing
mobbing_inat_506508264.jpg,/home/kylelima21/BISONN/data/labeled/mobbing/mobbing_inat_506508264.jpg,inaturalist,281943509,https://www.inaturalist.org/observations/281943509,,Passeriformes,506508264,https://inaturalist-open-data.s3.amazonaws.com/photos/506508264/original.jpg,cc-by-nc,"(c) Sandy Milfeld, some rights reserved (CC BY-NC)",mobbing
mobbing_inat_177811575.jpg,/home/kylelima21/BISONN/data/labeled/mobbing/mobbing_inat_177811575.jpg,inaturalist,105909171,https://www.inaturalist.org/observations/105909171,,Passeriformes,177811575,https://inaturalist-open-data.s3.amazonaws.com/photos/177811575/original.jpg,cc-by-nc,"(c) dbond, some rights reserved (CC BY-NC)",attacking raptor
mobbing_inat_554890132.jpg,/home/kylelima21/BISONN/data/labeled/mobbing/mobbing_inat_554890132.jpg,inaturalist,307622710,https://www.inaturalist.org/observations/307622710,Perching Birds,Passeriformes,554890132,https://inaturalist-open-data.s3.amazonaws.com/photos/554890132/original.jpg,cc-by-nc,"(c) Ryan LaRuffa, some rights reserved (CC BY-NC)",attacking raptor
mobbing_inat_554890190.jpg,/home/kylelima21/BISONN/data/labeled/mobbing/mobbing_inat_554890190.jpg,inaturalist,307622710,https://www.inaturalist.org/observations/307622710,Perching Birds,Passeriformes,554890190,https://inaturalist-open-data.s3.amazonaws.com/photos/554890190/original.jpg,cc-by-nc,"(c) Ryan LaRuffa, some rights reserved (CC BY-NC)",attacking raptor
mobbing_inat_554890743.jpg,/home/kylelima21/BISONN/data/labeled/mobbing/mobbing_inat_554890743.jpg,inaturalist,307622710,https://www.inaturalist.org/observations/307622710,Perching Birds,Passeriformes,554890743,https://inaturalist-open-data.s3.amazonaws.com/photos/554890743/original.jpg,cc-by-nc,"(c) Ryan LaRuffa, some rights reserved (CC BY-NC)",attacking raptor
mobbing_inat_417633376.jpeg,/home/kylelima21/BISONN/data/labeled/mobbing/mobbing_inat_417633376.jpeg,inaturalist,234880472,https://www.inaturalist.org/observations/234880472,Perching Birds,Passeriformes,417633376,https://inaturalist-open-data.s3.amazonaws.com/photos/417633376/original.jpeg,cc-by-nc,"(c) Andrea Iles, some rights reserved (CC BY-NC)",dive bombing
mobbing_inat_417633431.jpeg,/home/kylelima21/BISONN/data/labeled/mobbing/mobbing_inat_417633431.jpeg,inaturalist,234880472,https://www.inaturalist.org/observations/234880472,Perching Birds,Passeriformes,417633431,https://inaturalist-open-data.s3.amazonaws.com/photos/417633431/original.jpeg,cc-by-nc,"(c) Andrea Iles, some rights reserved (CC BY-NC)",dive bombing
mobbing_inat_268277570.jpg,/home/kylelima21/BISONN/data/labeled/mobbing/mobbing_inat_268277570.jpg,inaturalist,155218913,https://www.inaturalist.org/observations/155218913,,Passeriformes,268277570,https://inaturalist-open-data.s3.amazonaws.com/photos/268277570/original.jpg,cc-by-nc,"(c) hectoruconn4260-, some rights reserved (CC BY-NC)",nest defense
mobbing_inat_501900276.jpg,/home/kylelima21/BISONN/data/labeled/mobbing/mobbing_inat_501900276.jpg,inaturalist,279496771,https://www.inaturalist.org/observations/279496771,,Passeriformes,501900276,https://inaturalist-open-data.s3.amazonaws.com/photos/501900276/original.jpg,cc-by-nc,"(c) vanillaaquila, some rights reserved (CC BY-NC)",alarm calling
mobbing_inat_205453296.jpeg,/home/kylelima21/BISONN/data/labeled/mobbing/mobbing_inat_205453296.jpeg,inaturalist,121415121,https://www.inaturalist.org/observations/121415121,Perching Birds,Passeriformes,205453296,https://inaturalist-open-data.s3.amazonaws.com/photos/205453296/original.jpeg,cc-by-nc,"(c) vagusnemophile, some rights reserved (CC BY-NC)",alarm calling
mobbing_inat_205453317.jpeg,/home/kylelima21/BISONN/data/labeled/mobbing/mobbing_inat_205453317.jpeg,inaturalist,121415121,https://www.inaturalist.org/observations/121415121,Perching Birds,Passeriformes,205453317,https://inaturalist-open-data.s3.amazonaws.com/photos/205453317/original.jpeg,cc-by-nc,"(c) vagusnemophile, some rights reserved (CC BY-NC)",alarm calling
mobbing_inat_205453349.jpeg,/home/kylelima21/BISONN/data/labeled/mobbing/mobbing_inat_205453349.jpeg,inaturalist,121415121,https://www.inaturalist.org/observations/121415121,Perching Birds,Passeriformes,205453349,https://inaturalist-open-data.s3.amazonaws.com/photos/205453349/original.jpeg,cc-by-nc,"(c) vagusnemophile, some rights reserved (CC BY-NC)",alarm calling
mobbing_inat_205453368.jpeg,/home/kylelima21/BISONN/data/labeled/mobbing/mobbing_inat_205453368.jpeg,inaturalist,121415121,https://www.inaturalist.org/observations/121415121,Perching Birds,Passeriformes,205453368,https://inaturalist-open-data.s3.amazonaws.com/photos/205453368/original.jpeg,cc-by-nc,"(c) vagusnemophile, some rights reserved (CC BY-NC)",alarm calling
mobbing_inat_205453394.jpeg,/home/kylelima21/BISONN/data/labeled/mobbing/mobbing_inat_205453394.jpeg,inaturalist,121415121,https://www.inaturalist.org/observations/121415121,Perching Birds,Passeriformes,205453394,https://inaturalist-open-data.s3.amazonaws.com/photos/205453394/original.jpeg,cc-by-nc,"(c) vagusnemophile, some rights reserved (CC BY-NC)",alarm calling
mobbing_inat_142222283.jpeg,/home/kylelima21/BISONN/data/labeled/mobbing/mobbing_inat_142222283.jpeg,inaturalist,86301888,https://www.inaturalist.org/observations/86301888,Perching Birds,Passeriformes,142222283,https://inaturalist-open-data.s3.amazonaws.com/photos/142222283/original.jpeg,cc-by-nc,"(c) Mariko, some rights reserved (CC BY-NC)",alarm calling
mobbing_inat_142230952.jpeg,/home/kylelima21/BISONN/data/labeled/mobbing/mobbing_inat_142230952.jpeg,inaturalist,86301888,https://www.inaturalist.org/observations/86301888,Perching Birds,Passeriformes,142230952,https://inaturalist-open-data.s3.amazonaws.com/photos/142230952/original.jpeg,cc-by-nc,"(c) Mariko, some rights reserved (CC BY-NC)",alarm calling
mobbing_inat_660844657.jpg,/home/kylelima21/BISONN/data/labeled/mobbing/mobbing_inat_660844657.jpg,inaturalist,362088585,https://www.inaturalist.org/observations/362088585,Sperlingsvögel,Passeriformes,660844657,https://inaturalist-open-data.s3.amazonaws.com/photos/660844657/original.jpg,cc-by-nc,"(c) mobbini, some rights reserved (CC BY-NC)",alarm calling
mobbing_inat_660845764.jpg,/home/kylelima21/BISONN/data/labeled/mobbing/mobbing_inat_660845764.jpg,inaturalist,362088585,https://www.inaturalist.org/observations/362088585,Sperlingsvögel,Passeriformes,660845764,https://inaturalist-open-data.s3.amazonaws.com/photos/660845764/original.jpg,cc-by-nc,"(c) mobbini, some rights reserved (CC BY-NC)",alarm calling
mobbing_inat_660846551.jpg,/home/kylelima21/BISONN/data/labeled/mobbing/mobbing_inat_660846551.jpg,inaturalist,362088585,https://www.inaturalist.org/observations/362088585,Sperlingsvögel,Passeriformes,660846551,https://inaturalist-open-data.s3.amazonaws.com/photos/660846551/original.jpg,cc-by-nc,"(c) mobbini, some rights reserved (CC BY-NC)",alarm calling
mobbing_inat_22205301.jpg,/home/kylelima21/BISONN/data/labeled/mobbing/mobbing_inat_22205301.jpg,inaturalist,14879738,https://www.inaturalist.org/observations/14879738,Perching Birds,Passeriformes,22205301,https://inaturalist-open-data.s3.amazonaws.com/photos/22205301/original.jpg,cc-by,"(c) Ben Armstrong, some rights reserved (CC BY)",alarm calling
mobbing_inat_489086047.jpg,/home/kylelima21/BISONN/data/labeled/mobbing/mobbing_inat_489086047.jpg,inaturalist,271876895,https://www.inaturalist.org/observations/271876895,Perching Birds,Passeriformes,489086047,https://inaturalist-open-data.s3.amazonaws.com/photos/489086047/original.jpg,cc-by-nc,"(c) ibostudents, some rights reserved (CC BY-NC)",anti-predator
mobbing_inat_489086073.jpg,/home/kylelima21/BISONN/data/labeled/mobbing/mobbing_inat_489086073.jpg,inaturalist,271876895,https://www.inaturalist.org/observations/271876895,Perching Birds,Passeriformes,489086073,https://inaturalist-open-data.s3.amazonaws.com/photos/489086073/original.jpg,cc-by-nc,"(c) ibostudents, some rights reserved (CC BY-NC)",anti-predator
mobbing_inat_489086087.jpg,/home/kylelima21/BISONN/data/labeled/mobbing/mobbing_inat_489086087.jpg,inaturalist,271876895,https://www.inaturalist.org/observations/271876895,Perching Birds,Passeriformes,489086087,https://inaturalist-open-data.s3.amazonaws.com/photos/489086087/original.jpg,cc-by-nc,"(c) ibostudents, some rights reserved (CC BY-NC)",anti-predator
mobbing_inat_489086131.jpg,/home/kylelima21/BISONN/data/labeled/mobbing/mobbing_inat_489086131.jpg,inaturalist,271876895,https://www.inaturalist.org/observations/271876895,Perching Birds,Passeriformes,489086131,https://inaturalist-open-data.s3.amazonaws.com/photos/489086131/original.jpg,cc-by-nc,"(c) ibostudents, some rights reserved (CC BY-NC)",anti-predator
mobbing_inat_265965731.jpeg,/home/kylelima21/BISONN/data/labeled/mobbing/mobbing_inat_265965731.jpeg,inaturalist,153954529,https://www.inaturalist.org/observations/153954529,"Hawks, Eagles, Kites, and Allies",Accipitriformes,265965731,https://inaturalist-open-data.s3.amazonaws.com/photos/265965731/original.jpeg,cc-by-nc,"(c) spaceman98, some rights reserved (CC BY-NC)",mobbed by birds
mobbing_inat_265965754.jpeg,/home/kylelima21/BISONN/data/labeled/mobbing/mobbing_inat_265965754.jpeg,inaturalist,153954529,https://www.inaturalist.org/observations/153954529,"Hawks, Eagles, Kites, and Allies",Accipitriformes,265965754,https://inaturalist-open-data.s3.amazonaws.com/photos/265965754/original.jpeg,cc-by-nc,"(c) spaceman98, some rights reserved (CC BY-NC)",mobbed by birds
mobbing_wiki_167270363.jpg,/home/kylelima21/BISONN/data/labeled/mobbing/mobbing_wiki_167270363.jpg,wikimedia,,File:20250514 red winged blackbird mobs a great blue heron bolton notch sp PD200540.jpg,,,167270363,https://upload.wikimedia.org/wikipedia/commons/c/c3/20250514_red_winged_blackbird_mobs_a_great_blue_heron_bolton_notch_sp_PD200540.jpg,CC BY-SA 4.0,Paul Danese,
mobbing_wiki_105248849.jpg,/home/kylelima21/BISONN/data/labeled/mobbing/mobbing_wiki_105248849.jpg,wikimedia,,"File:American Crow mobbing Red-tailed Hawk, Santa Barbara, California (51017274143).jpg",,,105248849,https://upload.wikimedia.org/wikipedia/commons/f/fc/American_Crow_mobbing_Red-tailed_Hawk%2C_Santa_Barbara%2C_California_%2851017274143%29.jpg,CC BY 2.0,"Channel City Camera Club from Santa Barbara, US",
mobbing_wiki_60627451.jpg,/home/kylelima21/BISONN/data/labeled/mobbing/mobbing_wiki_60627451.jpg,wikimedia,,File:Black eagle mobbed by large-billed crow from Munsiyari 8 JEG8946.jpg,,,60627451,https://upload.wikimedia.org/wikipedia/commons/thumb/1/1d/Black_eagle_mobbed_by_large-billed_crow_from_Munsiyari_8_JEG8946.jpg/1280px-Black_eagle_mobbed_by_large-billed_crow_from_Munsiyari_8_JEG8946.jpg,CC BY-SA 4.0,PJeganathan,
mobbing_wiki_79389654.jpg,/home/kylelima21/BISONN/data/labeled/mobbing/mobbing_wiki_79389654.jpg,wikimedia,,"File:Brahmany Kite being mobbed by a crow, Sri Lanka.jpg",,,79389654,https://upload.wikimedia.org/wikipedia/commons/thumb/9/97/Brahmany_Kite_being_mobbed_by_a_crow%2C_Sri_Lanka.jpg/1280px-Brahmany_Kite_being_mobbed_by_a_crow%2C_Sri_Lanka.jpg,CC BY-SA 4.0,Thusitha Weerasinghe,
mobbing_wiki_167567057.jpg,/home/kylelima21/BISONN/data/labeled/mobbing/mobbing_wiki_167567057.jpg,wikimedia,,File:Mobbing the Raptor.jpg,,,167567057,https://upload.wikimedia.org/wikipedia/commons/thumb/1/19/Mobbing_the_Raptor.jpg/1280px-Mobbing_the_Raptor.jpg,CC BY-SA 4.0,Nikeet123,
mobbing_wiki_130171904.jpg,/home/kylelima21/BISONN/data/labeled/mobbing/mobbing_wiki_130171904.jpg,wikimedia,,File:Red-tailed Hawk getting mobbed by a Northern Mockingbird and Blue Jays - 52113519674.jpg,,,130171904,https://upload.wikimedia.org/wikipedia/commons/thumb/8/86/Red-tailed_Hawk_getting_mobbed_by_a_Northern_Mockingbird_and_Blue_Jays_-_52113519674.jpg/1280px-Red-tailed_Hawk_getting_mobbed_by_a_Northern_Mockingbird_and_Blue_Jays_-_52113519674.jpg,CC BY 2.0,Wildreturn,
mobbing_wiki_21114425.jpg,/home/kylelima21/BISONN/data/labeled/mobbing/mobbing_wiki_21114425.jpg,wikimedia,,File:Sparrowhawk 1 (4060737887).jpg,,,21114425,https://upload.wikimedia.org/wikipedia/commons/thumb/3/3f/Sparrowhawk_1_%284060737887%29.jpg/1280px-Sparrowhawk_1_%284060737887%29.jpg,CC BY 2.0,"Tony Hisgett from Birmingham, UK",
mobbing_wiki_91931471.jpg,/home/kylelima21/BISONN/data/labeled/mobbing/mobbing_wiki_91931471.jpg,wikimedia,,File:Tobias Stranover (1684-after 1731) - The Mobbing of a Long-Eared Owl by Other Birds - 515567 - National Trust.jpg,,,91931471,https://upload.wikimedia.org/wikipedia/commons/thumb/3/3f/Tobias_Stranover_%281684-after_1731%29_-_The_Mobbing_of_a_Long-Eared_Owl_by_Other_Birds_-_515567_-_National_Trust.jpg/1280px-Tobias_Stranover_%281684-after_1731%29_-_The_Mobbing_of_a_Long-Eared_Owl_by_Other_Birds_-_515567_-_National_Trust.jpg,Public domain,Tobias Stranover,
mobbing_wiki_60627458.jpg,/home/kylelima21/BISONN/data/labeled/mobbing/mobbing_wiki_60627458.jpg,wikimedia,,File:Black eagle mobbed by large-billed crow from Munsiyari 12 JEG8950.jpg,,,60627458,https://upload.wikimedia.org/wikipedia/commons/thumb/2/28/Black_eagle_mobbed_by_large-billed_crow_from_Munsiyari_12_JEG8950.jpg/1280px-Black_eagle_mobbed_by_large-billed_crow_from_Munsiyari_12_JEG8950.jpg,CC BY-SA 4.0,PJeganathan,
mobbing_wiki_151757441.jpg,/home/kylelima21/BISONN/data/labeled/mobbing/mobbing_wiki_151757441.jpg,wikimedia,,File:Grey heron and gull - Ingmarsö (23895427938).jpg,,,151757441,https://upload.wikimedia.org/wikipedia/commons/thumb/9/97/Grey_heron_and_gull_-_Ingmars%C3%B6_%2823895427938%29.jpg/1280px-Grey_heron_and_gull_-_Ingmars%C3%B6_%2823895427938%29.jpg,CC BY-SA 2.0,Susanne Nilsson,
mobbing_wiki_14328615.jpg,/home/kylelima21/BISONN/data/labeled/mobbing/mobbing_wiki_14328615.jpg,wikimedia,,File:Lower Hide - geograph.org.uk - 1573153.jpg,,,14328615,https://upload.wikimedia.org/wikipedia/commons/thumb/e/e6/Lower_Hide_-_geograph.org.uk_-_1573153.jpg/1280px-Lower_Hide_-_geograph.org.uk_-_1573153.jpg,CC BY-SA 2.0,Derek Crawley,
mobbing_wiki_103571838.jpg,/home/kylelima21/BISONN/data/labeled/mobbing/mobbing_wiki_103571838.jpg,wikimedia,,File:Bazalgette Lancaster FM-159 (51067883253).jpg,,,103571838,https://upload.wikimedia.org/wikipedia/commons/thumb/4/49/Bazalgette_Lancaster_FM-159_%2851067883253%29.jpg/1280px-Bazalgette_Lancaster_FM-159_%2851067883253%29.jpg,CC BY 2.0,Eric Friedebach,
mobbing_wiki_13028387.jpg,/home/kylelima21/BISONN/data/labeled/mobbing/mobbing_wiki_13028387.jpg,wikimedia,,File:Great Skua - geograph.org.uk - 500972.jpg,,,13028387,https://upload.wikimedia.org/wikipedia/commons/thumb/6/69/Great_Skua_-_geograph.org.uk_-_500972.jpg/1280px-Great_Skua_-_geograph.org.uk_-_500972.jpg,CC BY-SA 2.0,Eileen Henderson,
mobbing_wiki_4479226.jpg,/home/kylelima21/BISONN/data/labeled/mobbing/mobbing_wiki_4479226.jpg,wikimedia,,File:Gulls mobbing.jpg,,,4479226,https://upload.wikimedia.org/wikipedia/commons/thumb/f/f1/Gulls_mobbing.jpg/1280px-Gulls_mobbing.jpg,CC BY 2.0,Neil Phillips from uk,
mobbing_wiki_90086163.jpg,/home/kylelima21/BISONN/data/labeled/mobbing/mobbing_wiki_90086163.jpg,wikimedia,,"File:Liberty enlightened (BM 1868,0808.4787).jpg",,,90086163,https://upload.wikimedia.org/wikipedia/commons/thumb/0/0b/Liberty_enlightened_%28BM_1868%2C0808.4787%29.jpg/1280px-Liberty_enlightened_%28BM_1868%2C0808.4787%29.jpg,Public domain,,
mobbing_wiki_130171910.jpg,/home/kylelima21/BISONN/data/labeled/mobbing/mobbing_wiki_130171910.jpg,wikimedia,,File:Red-tailed Hawk getting mobbed by a Northern Mockingbird and Blue Jays - 52112246957.jpg,,,130171910,https://upload.wikimedia.org/wikipedia/commons/thumb/3/32/Red-tailed_Hawk_getting_mobbed_by_a_Northern_Mockingbird_and_Blue_Jays_-_52112246957.jpg/1280px-Red-tailed_Hawk_getting_mobbed_by_a_Northern_Mockingbird_and_Blue_Jays_-_52112246957.jpg,CC BY 2.0,Wildreturn,
mobbing_wiki_106051948.jpg,/home/kylelima21/BISONN/data/labeled/mobbing/mobbing_wiki_106051948.jpg,wikimedia,,File:Red-tailed Hawk harassed by a crow (50854765031).jpg,,,106051948,https://upload.wikimedia.org/wikipedia/commons/thumb/f/fb/Red-tailed_Hawk_harassed_by_a_crow_%2850854765031%29.jpg/1280px-Red-tailed_Hawk_harassed_by_a_crow_%2850854765031%29.jpg,CC BY 2.0,"Channel City Camera Club from Santa Barbara, US",
mobbing_wiki_74774379.jpg,/home/kylelima21/BISONN/data/labeled/mobbing/mobbing_wiki_74774379.jpg,wikimedia,,File:Sandhill Crane mobbed by Red-winged Blackbird - Ohio - FJ0A0758 (38916605975).jpg,,,74774379,https://upload.wikimedia.org/wikipedia/commons/thumb/f/f9/Sandhill_Crane_mobbed_by_Red-winged_Blackbird_-_Ohio_-_FJ0A0758_%2838916605975%29.jpg/1280px-Sandhill_Crane_mobbed_by_Red-winged_Blackbird_-_Ohio_-_FJ0A0758_%2838916605975%29.jpg,CC BY-SA 2.0,Francesco Veronesi from Italy,
mobbing_wiki_6367669.jpg,/home/kylelima21/BISONN/data/labeled/mobbing/mobbing_wiki_6367669.jpg,wikimedia,,File:Charles Bird King portrait of Mrs Creighton.jpg,,,6367669,https://upload.wikimedia.org/wikipedia/commons/thumb/2/2c/Charles_Bird_King_portrait_of_Mrs_Creighton.jpg/1280px-Charles_Bird_King_portrait_of_Mrs_Creighton.jpg,Public domain,Charles Bird King,
mobbing_wiki_81468806.jpg,/home/kylelima21/BISONN/data/labeled/mobbing/mobbing_wiki_81468806.jpg,wikimedia,,File:Mockingbird dive bombing Cooper's Hawk (36010338270).jpg,,,81468806,https://upload.wikimedia.org/wikipedia/commons/thumb/6/63/Mockingbird_dive_bombing_Cooper%27s_Hawk_%2836010338270%29.jpg/1280px-Mockingbird_dive_bombing_Cooper%27s_Hawk_%2836010338270%29.jpg,CC BY-SA 2.0,"Mike's Birds from Riverside, CA, US",
mobbing_wiki_130171920.jpg,/home/kylelima21/BISONN/data/labeled/mobbing/mobbing_wiki_130171920.jpg,wikimedia,,File:Red-tailed Hawk with squirrel and mobbing Blue Jays.jpg,,,130171920,https://upload.wikimedia.org/wikipedia/commons/thumb/4/4f/Red-tailed_Hawk_with_squirrel_and_mobbing_Blue_Jays.jpg/1280px-Red-tailed_Hawk_with_squirrel_and_mobbing_Blue_Jays.jpg,CC BY 2.0,Wildreturn,
mobbing_wiki_186184028.jpg,/home/kylelima21/BISONN/data/labeled/mobbing/mobbing_wiki_186184028.jpg,wikimedia,,File:Tawny Owl resting quietly inside a secret tree trunk 04.jpg,,,186184028,https://upload.wikimedia.org/wikipedia/commons/thumb/e/e5/Tawny_Owl_resting_quietly_inside_a_secret_tree_trunk_04.jpg/1280px-Tawny_Owl_resting_quietly_inside_a_secret_tree_trunk_04.jpg,CC BY-SA 4.0,Shiv's fotografia,
mobbing_wiki_131320041.jpg,/home/kylelima21/BISONN/data/labeled/mobbing/mobbing_wiki_131320041.jpg,wikimedia,,File:The team mobs Kawasaki after his walk off double. (8848470288).jpg,,,131320041,https://upload.wikimedia.org/wikipedia/commons/thumb/c/c0/The_team_mobs_Kawasaki_after_his_walk_off_double._%288848470288%29.jpg/1280px-The_team_mobs_Kawasaki_after_his_walk_off_double._%288848470288%29.jpg,CC BY 2.0,James G,
mobbing_wiki_151757459.jpg,/home/kylelima21/BISONN/data/labeled/mobbing/mobbing_wiki_151757459.jpg,wikimedia,,File:White-tailed eagle - Ingmarsö (37716252032).jpg,,,151757459,https://upload.wikimedia.org/wikipedia/commons/thumb/1/1e/White-tailed_eagle_-_Ingmars%C3%B6_%2837716252032%29.jpg/1280px-White-tailed_eagle_-_Ingmars%C3%B6_%2837716252032%29.jpg,CC BY-SA 2.0,Susanne Nilsson,
mobbing_wiki_54436179.jpg,/home/kylelima21/BISONN/data/labeled/mobbing/mobbing_wiki_54436179.jpg,wikimedia,,File:Air Force Band scores another win with flash mob 141202-N-WY366-583.jpg,,,54436179,https://upload.wikimedia.org/wikipedia/commons/thumb/0/0a/Air_Force_Band_scores_another_win_with_flash_mob_141202-N-WY366-583.jpg/1280px-Air_Force_Band_scores_another_win_with_flash_mob_141202-N-WY366-583.jpg,Public domain,Lt.Cmdr. Jim Remington,
mobbing_wiki_105381204.jpg,/home/kylelima21/BISONN/data/labeled/mobbing/mobbing_wiki_105381204.jpg,wikimedia,,File:Crow mobbing red-tailed hawk (45805).jpg,,,105381204,https://upload.wikimedia.org/wikipedia/commons/thumb/4/41/Crow_mobbing_red-tailed_hawk_%2845805%29.jpg/1280px-Crow_mobbing_red-tailed_hawk_%2845805%29.jpg,CC BY-SA 4.0,Rhododendrites,
mobbing_wiki_4485380.jpg,/home/kylelima21/BISONN/data/labeled/mobbing/mobbing_wiki_4485380.jpg,wikimedia,,File:Crows Mobbing Bald Eagle 03.jpg,,,4485380,https://upload.wikimedia.org/wikipedia/commons/thumb/3/30/Crows_Mobbing_Bald_Eagle_03.jpg/1280px-Crows_Mobbing_Bald_Eagle_03.jpg,CC BY-SA 3.0,OutRIAAge02 at English Wikipedia,
mobbing_wiki_139291155.jpg,/home/kylelima21/BISONN/data/labeled/mobbing/mobbing_wiki_139291155.jpg,wikimedia,,File:Eagle Mobbed by Crows - geograph.org.uk - 5583770.jpg,,,139291155,https://upload.wikimedia.org/wikipedia/commons/thumb/0/0f/Eagle_Mobbed_by_Crows_-_geograph.org.uk_-_5583770.jpg/1280px-Eagle_Mobbed_by_Crows_-_geograph.org.uk_-_5583770.jpg,CC BY-SA 2.0,David Dixon,
mobbing_wiki_145795745.png,/home/kylelima21/BISONN/data/labeled/mobbing/mobbing_wiki_145795745.png,wikimedia,,File:Mobbing.png,,,145795745,https://upload.wikimedia.org/wikipedia/commons/thumb/b/b0/Mobbing.png/1280px-Mobbing.png,Public domain,nightcafe,
mobbing_wiki_169607458.jpg,/home/kylelima21/BISONN/data/labeled/mobbing/mobbing_wiki_169607458.jpg,wikimedia,,"File:Spanish War Family Fight in the Daily News of New York City, New York on January 31, 1937, part 2.jpg",,,169607458,https://upload.wikimedia.org/wikipedia/commons/thumb/6/6e/Spanish_War_Family_Fight_in_the_Daily_News_of_New_York_City%2C_New_York_on_January_31%2C_1937%2C_part_2.jpg/1280px-Spanish_War_Family_Fight_in_the_Daily_News_of_New_York_City%2C_New_York_on_January_31%2C_1937%2C_part_2.jpg,Public domain,Sloan Taylor,
mobbing_wiki_189011528.jpg,/home/kylelima21/BISONN/data/labeled/mobbing/mobbing_wiki_189011528.jpg,wikimedia,,"File:White-tailed Eagle being mobbed by Black-headed Gulls, Loch Insh - geograph.org.uk - 8269444.jpg",,,189011528,https://upload.wikimedia.org/wikipedia/commons/thumb/c/cf/White-tailed_Eagle_being_mobbed_by_Black-headed_Gulls%2C_Loch_Insh_-_geograph.org.uk_-_8269444.jpg/1280px-White-tailed_Eagle_being_mobbed_by_Black-headed_Gulls%2C_Loch_Insh_-_geograph.org.uk_-_8269444.jpg,CC BY-SA 2.0,Mike Pennington,
mobbing_wiki_156675144.jpg,/home/kylelima21/BISONN/data/labeled/mobbing/mobbing_wiki_156675144.jpg,wikimedia,,File:20241205 blue jay mobbing barred owl cedar hill cemetery PD205915.jpg,,,156675144,https://upload.wikimedia.org/wikipedia/commons/thumb/4/45/20241205_blue_jay_mobbing_barred_owl_cedar_hill_cemetery_PD205915.jpg/1280px-20241205_blue_jay_mobbing_barred_owl_cedar_hill_cemetery_PD205915.jpg,CC BY-SA 4.0,Paul Danese,
mobbing_wiki_60627460.jpg,/home/kylelima21/BISONN/data/labeled/mobbing/mobbing_wiki_60627460.jpg,wikimedia,,File:Black eagle mobbed by large-billed crow from Munsiyari 13 JEG8951.jpg,,,60627460,https://upload.wikimedia.org/wikipedia/commons/thumb/b/b0/Black_eagle_mobbed_by_large-billed_crow_from_Munsiyari_13_JEG8951.jpg/1280px-Black_eagle_mobbed_by_large-billed_crow_from_Munsiyari_13_JEG8951.jpg,CC BY-SA 4.0,PJeganathan,
mobbing_wiki_80165892.jpg,/home/kylelima21/BISONN/data/labeled/mobbing/mobbing_wiki_80165892.jpg,wikimedia,,File:Frigging Crows! (416730770).jpg,,,80165892,https://upload.wikimedia.org/wikipedia/commons/thumb/b/bc/Frigging_Crows%21_%28416730770%29.jpg/1280px-Frigging_Crows%21_%28416730770%29.jpg,CC BY-SA 2.0,"Martin Cathrae from Charlottetown, PE, Canada",
mobbing_wiki_134071781.jpg,/home/kylelima21/BISONN/data/labeled/mobbing/mobbing_wiki_134071781.jpg,wikimedia,,File:Great horned owl mobbed by crows cromwell 1.2.23 DSC 8049.jpg,,,134071781,https://upload.wikimedia.org/wikipedia/commons/thumb/6/65/Great_horned_owl_mobbed_by_crows_cromwell_1.2.23_DSC_8049.jpg/1280px-Great_horned_owl_mobbed_by_crows_cromwell_1.2.23_DSC_8049.jpg,CC BY 2.0,lwolfartist,
mobbing_wiki_91344664.jpg,/home/kylelima21/BISONN/data/labeled/mobbing/mobbing_wiki_91344664.jpg,wikimedia,,File:Heringsmöwe (larus fuscus) greift Sumpfohreule (asio flammeus) an (Spiekeroog - Nationalpark niedersächsisches Wattenmeer).jpg,,,91344664,https://upload.wikimedia.org/wikipedia/commons/thumb/f/f9/Heringsm%C3%B6we_%28larus_fuscus%29_greift_Sumpfohreule_%28asio_flammeus%29_an_%28Spiekeroog_-_Nationalpark_nieders%C3%A4chsisches_Wattenmeer%29.jpg/1280px-Heringsm%C3%B6we_%28larus_fuscus%29_greift_Sumpfohreule_%28asio_flammeus%29_an_%28Spiekeroog_-_Nationalpark_nieders%C3%A4chsisches_Wattenmeer%29.jpg,CC BY-SA 4.0,Stephan Sprinz,
mobbing_wiki_112405469.jpg,/home/kylelima21/BISONN/data/labeled/mobbing/mobbing_wiki_112405469.jpg,wikimedia,,File:Large-billed Crow mobbing Himalayan Vulture (39146278040).jpg,,,112405469,https://upload.wikimedia.org/wikipedia/commons/thumb/a/a5/Large-billed_Crow_mobbing_Himalayan_Vulture_%2839146278040%29.jpg/1280px-Large-billed_Crow_mobbing_Himalayan_Vulture_%2839146278040%29.jpg,CC BY 2.0,"Mike Prince from Bangalore, India",
mobbing_wiki_2323023.jpg,/home/kylelima21/BISONN/data/labeled/mobbing/mobbing_wiki_2323023.jpg,wikimedia,,File:Magpie swooping kookaburra ed1.jpg,,,2323023,https://upload.wikimedia.org/wikipedia/commons/thumb/2/20/Magpie_swooping_kookaburra_ed1.jpg/1280px-Magpie_swooping_kookaburra_ed1.jpg,CC BY-SA 3.0,BenAveling,
mobbing_wiki_81468811.jpg,/home/kylelima21/BISONN/data/labeled/mobbing/mobbing_wiki_81468811.jpg,wikimedia,,File:Mockingbird dive bombing Cooper's Hawk (36010338030).jpg,,,81468811,https://upload.wikimedia.org/wikipedia/commons/thumb/a/ac/Mockingbird_dive_bombing_Cooper%27s_Hawk_%2836010338030%29.jpg/1280px-Mockingbird_dive_bombing_Cooper%27s_Hawk_%2836010338030%29.jpg,CC BY-SA 2.0,"Mike's Birds from Riverside, CA, US",
mobbing_wiki_107284742.jpg,/home/kylelima21/BISONN/data/labeled/mobbing/mobbing_wiki_107284742.jpg,wikimedia,,File:Red Kite Being Mobbed By a Crow - geograph.org.uk - 2289736.jpg,,,107284742,https://upload.wikimedia.org/wikipedia/commons/thumb/5/5b/Red_Kite_Being_Mobbed_By_a_Crow_-_geograph.org.uk_-_2289736.jpg/1280px-Red_Kite_Being_Mobbed_By_a_Crow_-_geograph.org.uk_-_2289736.jpg,CC BY-SA 2.0,derek dye,
mobbing_wiki_170099958.jpg,/home/kylelima21/BISONN/data/labeled/mobbing/mobbing_wiki_170099958.jpg,wikimedia,,File:Turkey vulture being mobbed by Red Winged Blackbirds.jpg,,,170099958,https://upload.wikimedia.org/wikipedia/commons/thumb/2/24/Turkey_vulture_being_mobbed_by_Red_Winged_Blackbirds.jpg/1280px-Turkey_vulture_being_mobbed_by_Red_Winged_Blackbirds.jpg,CC BY-SA 4.0,Scornwel,
mobbing_wiki_9813147.jpg,/home/kylelima21/BISONN/data/labeled/mobbing/mobbing_wiki_9813147.jpg,wikimedia,,File:2010-03-23 (23) Bird.JPG,,,9813147,https://upload.wikimedia.org/wikipedia/commons/thumb/d/dd/2010-03-23_%2823%29_Bird.JPG/1280px-2010-03-23_%2823%29_Bird.JPG,CC BY-SA 3.0,Vera Buhl,
mobbing_wiki_147883864.jpg,/home/kylelima21/BISONN/data/labeled/mobbing/mobbing_wiki_147883864.jpg,wikimedia,,File:Asian Barred Owlet Facts.jpg,,,147883864,https://upload.wikimedia.org/wikipedia/commons/thumb/d/d4/Asian_Barred_Owlet_Facts.jpg/1280px-Asian_Barred_Owlet_Facts.jpg,CC BY 4.0,Shiv's fotografia,
mobbing_wiki_74580847.jpg,/home/kylelima21/BISONN/data/labeled/mobbing/mobbing_wiki_74580847.jpg,wikimedia,,File:Dog fight.. (2636431540).jpg,,,74580847,https://upload.wikimedia.org/wikipedia/commons/thumb/0/05/Dog_fight.._%282636431540%29.jpg/1280px-Dog_fight.._%282636431540%29.jpg,CC BY 2.0,"Matt MacGillivray from Toronto, Canada",
mobbing_wiki_81070562.jpg,/home/kylelima21/BISONN/data/labeled/mobbing/mobbing_wiki_81070562.jpg,wikimedia,,"File:Grey-Headed Kingfisher, Amboseli National Park (44398983381).jpg",,,81070562,https://upload.wikimedia.org/wikipedia/commons/thumb/e/e7/Grey-Headed_Kingfisher%2C_Amboseli_National_Park_%2844398983381%29.jpg/1280px-Grey-Headed_Kingfisher%2C_Amboseli_National_Park_%2844398983381%29.jpg,CC BY 2.0,Ray in Manila,
mobbing_wiki_4877099.jpg,/home/kylelima21/BISONN/data/labeled/mobbing/mobbing_wiki_4877099.jpg,wikimedia,,File:Magpie chasing Brown Goshawk (Immature).jpg,,,4877099,https://upload.wikimedia.org/wikipedia/commons/thumb/5/55/Magpie_chasing_Brown_Goshawk_%28Immature%29.jpg/1280px-Magpie_chasing_Brown_Goshawk_%28Immature%29.jpg,CC BY-SA 3.0,JJ Harrison (https://www.jjharrison.com.au/),
mobbing_wiki_40778717.jpg,/home/kylelima21/BISONN/data/labeled/mobbing/mobbing_wiki_40778717.jpg,wikimedia,,File:Martial eagle (Polemaetus bellicosus) juvenile mobbed by Red-billed Buffalo-weaver (13817022784).jpg,,,40778717,https://upload.wikimedia.org/wikipedia/commons/thumb/8/82/Martial_eagle_%28Polemaetus_bellicosus%29_juvenile_mobbed_by_Red-billed_Buffalo-weaver_%2813817022784%29.jpg/1280px-Martial_eagle_%28Polemaetus_bellicosus%29_juvenile_mobbed_by_Red-billed_Buffalo-weaver_%2813817022784%29.jpg,CC BY-SA 2.0,Bernard DUPONT from FRANCE,
mobbing_wiki_81919756.jpg,/home/kylelima21/BISONN/data/labeled/mobbing/mobbing_wiki_81919756.jpg,wikimedia,,File:Short-eared Owl (Asio flammeus) (48051443802).jpg,,,81919756,https://upload.wikimedia.org/wikipedia/commons/thumb/8/89/Short-eared_Owl_%28Asio_flammeus%29_%2848051443802%29.jpg/1280px-Short-eared_Owl_%28Asio_flammeus%29_%2848051443802%29.jpg,CC BY-SA 2.0,"Imran Shah from Islamabad, Pakistan",
mobbing_wiki_13959075.jpg,/home/kylelima21/BISONN/data/labeled/mobbing/mobbing_wiki_13959075.jpg,wikimedia,,File:The Tom Mòr Mob - geograph.org.uk - 1233791.jpg,,,13959075,https://upload.wikimedia.org/wikipedia/commons/thumb/0/09/The_Tom_M%C3%B2r_Mob_-_geograph.org.uk_-_1233791.jpg/1280px-The_Tom_M%C3%B2r_Mob_-_geograph.org.uk_-_1233791.jpg,CC BY-SA 2.0,Anne Burgess,
mobbing_wiki_54436190.jpg,/home/kylelima21/BISONN/data/labeled/mobbing/mobbing_wiki_54436190.jpg,wikimedia,,File:Air Force Band scores another win with flash mob 141202-N-WY366-620.jpg,,,54436190,https://upload.wikimedia.org/wikipedia/commons/thumb/c/c6/Air_Force_Band_scores_another_win_with_flash_mob_141202-N-WY366-620.jpg/1280px-Air_Force_Band_scores_another_win_with_flash_mob_141202-N-WY366-620.jpg,Public domain,Lt.Cmdr. Jim Remington,
mobbing_wiki_115728705.jpg,/home/kylelima21/BISONN/data/labeled/mobbing/mobbing_wiki_115728705.jpg,wikimedia,,"File:Eddie Van Halen's 2018 EVH ""Super '78 Eruption"" replica (white with black stripe), Rig including 4×Marshall 412 cab. (1960s), Marshall 1959 Super Lead (1960s), etc. - Play It Loud. MET (2019-05-13 19.17.13 by Eden, Janine and Jim).jpg",,,115728705,https://upload.wikimedia.org/wikipedia/commons/thumb/8/81/Eddie_Van_Halen%27s_2018_EVH_%22Super_%2778_Eruption%22_replica_%28white_with_black_stripe%29%2C_Rig_including_4%C3%97Marshall_412_cab._%281960s%29%2C_Marshall_1959_Super_Lead_%281960s%29%2C_etc._-_Play_It_Loud._MET_%282019-05-13_19.17.13_by_Eden%2C_Janine_and_Jim%29.jpg/1280px-Eddie_Van_Halen%27s_2018_EVH_%22Super_%2778_Eruption%22_replica_%28white_with_black_stripe%29%2C_Rig_including_4%C3%97Marshall_412_cab._%281960s%29%2C_Marshall_1959_Super_Lead_%281960s%29%2C_etc._-_Play_It_Loud._MET_%282019-05-13_19.17.13_by_Eden%2C_Janine_and_Jim%29.jpg,CC BY 2.0,"Eden, Janine and Jim from New York City",
mobbing_wiki_62732717.jpg,/home/kylelima21/BISONN/data/labeled/mobbing/mobbing_wiki_62732717.jpg,wikimedia,,File:Ternsattacking.jpg,,,62732717,https://upload.wikimedia.org/wikipedia/commons/thumb/9/96/Ternsattacking.jpg/1280px-Ternsattacking.jpg,CC BY-SA 4.0,Marcus.Dyck,
mobbing_wiki_103572026.jpg,/home/kylelima21/BISONN/data/labeled/mobbing/mobbing_wiki_103572026.jpg,wikimedia,,File:Bazalgette Lancaster FM-159 (51067877138).jpg,,,103572026,https://upload.wikimedia.org/wikipedia/commons/thumb/1/19/Bazalgette_Lancaster_FM-159_%2851067877138%29.jpg/1280px-Bazalgette_Lancaster_FM-159_%2851067877138%29.jpg,CC BY 2.0,Eric Friedebach,
mobbing_wiki_60627448.jpg,/home/kylelima21/BISONN/data/labeled/mobbing/mobbing_wiki_60627448.jpg,wikimedia,,File:Black eagle mobbed by large-billed crow from Munsiyari 7 JEG8945.jpg,,,60627448,https://upload.wikimedia.org/wikipedia/commons/thumb/9/95/Black_eagle_mobbed_by_large-billed_crow_from_Munsiyari_7_JEG8945.jpg/1280px-Black_eagle_mobbed_by_large-billed_crow_from_Munsiyari_7_JEG8945.jpg,CC BY-SA 4.0,PJeganathan,
mobbing_wiki_181856661.jpg,/home/kylelima21/BISONN/data/labeled/mobbing/mobbing_wiki_181856661.jpg,wikimedia,,File:Defiance.jpg,,,181856661,https://upload.wikimedia.org/wikipedia/commons/thumb/8/82/Defiance.jpg/1280px-Defiance.jpg,CC BY-SA 4.0,Drsssuresh1961,
mobbing_wiki_162769515.jpg,/home/kylelima21/BISONN/data/labeled/mobbing/mobbing_wiki_162769515.jpg,wikimedia,,File:Eastern Kingbird (25826451653).jpg,,,162769515,https://upload.wikimedia.org/wikipedia/commons/thumb/d/dc/Eastern_Kingbird_%2825826451653%29.jpg/1280px-Eastern_Kingbird_%2825826451653%29.jpg,Public domain,U.S. Fish and Wildlife Service - Midwest Region,
mobbing_wiki_15197461.jpg,/home/kylelima21/BISONN/data/labeled/mobbing/mobbing_wiki_15197461.jpg,wikimedia,,File:EmuMob.jpg,,,15197461,https://upload.wikimedia.org/wikipedia/commons/thumb/1/1f/EmuMob.jpg/1280px-EmuMob.jpg,CC BY-SA 3.0,Chudditch,
mobbing_wiki_119793302.jpg,/home/kylelima21/BISONN/data/labeled/mobbing/mobbing_wiki_119793302.jpg,wikimedia,,"File:Grey-Headed Kingfisher, Amboseli National Park (51270613032).jpg",,,119793302,https://upload.wikimedia.org/wikipedia/commons/thumb/2/26/Grey-Headed_Kingfisher%2C_Amboseli_National_Park_%2851270613032%29.jpg/1280px-Grey-Headed_Kingfisher%2C_Amboseli_National_Park_%2851270613032%29.jpg,CC BY 2.0,. Ray in Manila,
mobbing_wiki_186184038.jpg,/home/kylelima21/BISONN/data/labeled/mobbing/mobbing_wiki_186184038.jpg,wikimedia,,File:Tawny Owl resting quietly inside a secret tree trunk 08.jpg,,,186184038,https://upload.wikimedia.org/wikipedia/commons/thumb/0/06/Tawny_Owl_resting_quietly_inside_a_secret_tree_trunk_08.jpg/1280px-Tawny_Owl_resting_quietly_inside_a_secret_tree_trunk_08.jpg,CC BY-SA 4.0,Shiv's fotografia,
mobbing_wiki_146170882.jpg,/home/kylelima21/BISONN/data/labeled/mobbing/mobbing_wiki_146170882.jpg,wikimedia,,File:Asian Barred Owlet Facts 01.jpg,,,146170882,https://upload.wikimedia.org/wikipedia/commons/thumb/e/e3/Asian_Barred_Owlet_Facts_01.jpg/1280px-Asian_Barred_Owlet_Facts_01.jpg,CC BY 4.0,Shiv's fotografia,
mobbing_wiki_74715744.jpg,/home/kylelima21/BISONN/data/labeled/mobbing/mobbing_wiki_74715744.jpg,wikimedia,,"File:Black-winged Kite mobbed by a House Crow, Walayar, Palakkad district, Kerala.jpg",,,74715744,https://upload.wikimedia.org/wikipedia/commons/thumb/e/e2/Black-winged_Kite_mobbed_by_a_House_Crow%2C_Walayar%2C_Palakkad_district%2C_Kerala.jpg/1280px-Black-winged_Kite_mobbed_by_a_House_Crow%2C_Walayar%2C_Palakkad_district%2C_Kerala.jpg,CC BY-SA 3.0,Gowthaman_k.a,
mobbing_wiki_91903996.jpg,/home/kylelima21/BISONN/data/labeled/mobbing/mobbing_wiki_91903996.jpg,wikimedia,,File:Francis Barlow (1626-1704) - An Owl Being Mobbed by Other Birds - 1140159 - National Trust.jpg,,,91903996,https://upload.wikimedia.org/wikipedia/commons/thumb/9/90/Francis_Barlow_%281626-1704%29_-_An_Owl_Being_Mobbed_by_Other_Birds_-_1140159_-_National_Trust.jpg/1280px-Francis_Barlow_%281626-1704%29_-_An_Owl_Being_Mobbed_by_Other_Birds_-_1140159_-_National_Trust.jpg,Public domain,Francis Barlow,
mobbing_wiki_81468805.jpg,/home/kylelima21/BISONN/data/labeled/mobbing/mobbing_wiki_81468805.jpg,wikimedia,,File:Mockingbird dive bombing Cooper's Hawk (35598944133).jpg,,,81468805,https://upload.wikimedia.org/wikipedia/commons/thumb/9/93/Mockingbird_dive_bombing_Cooper%27s_Hawk_%2835598944133%29.jpg/1280px-Mockingbird_dive_bombing_Cooper%27s_Hawk_%2835598944133%29.jpg,CC BY-SA 2.0,"Mike's Birds from Riverside, CA, US",
mobbing_wiki_6234910.jpg,/home/kylelima21/BISONN/data/labeled/mobbing/mobbing_wiki_6234910.jpg,wikimedia,,File:Wenceslas Hollar - Birds mobbing an owl (State 1).jpg,,,6234910,https://upload.wikimedia.org/wikipedia/commons/thumb/d/dc/Wenceslas_Hollar_-_Birds_mobbing_an_owl_%28State_1%29.jpg/1280px-Wenceslas_Hollar_-_Birds_mobbing_an_owl_%28State_1%29.jpg,Public domain,Wenceslaus Hollar,
mobbing_wiki_134007324.jpg,/home/kylelima21/BISONN/data/labeled/mobbing/mobbing_wiki_134007324.jpg,wikimedia,,File:Black-chested Snake-Eagle (Circaetus pectoralis) mobbed by Fork-tailed Drongo (Dicrurus adsimilis) ... (53023933511).jpg,,,134007324,https://upload.wikimedia.org/wikipedia/commons/thumb/9/99/Black-chested_Snake-Eagle_%28Circaetus_pectoralis%29_mobbed_by_Fork-tailed_Drongo_%28Dicrurus_adsimilis%29_..._%2853023933511%29.jpg/1280px-Black-chested_Snake-Eagle_%28Circaetus_pectoralis%29_mobbed_by_Fork-tailed_Drongo_%28Dicrurus_adsimilis%29_..._%2853023933511%29.jpg,CC BY-SA 2.0,Bernard DUPONT from FRANCE,
mobbing_wiki_174654296.jpg,/home/kylelima21/BISONN/data/labeled/mobbing/mobbing_wiki_174654296.jpg,wikimedia,,"File:Buzzard being mobbed by Crows, Bristol - Lulsgate - UK, June 19 2011. (5868859372).jpg",,,174654296,https://upload.wikimedia.org/wikipedia/commons/thumb/6/66/Buzzard_being_mobbed_by_Crows%2C_Bristol_-_Lulsgate_-_UK%2C_June_19_2011._%285868859372%29.jpg/1280px-Buzzard_being_mobbed_by_Crows%2C_Bristol_-_Lulsgate_-_UK%2C_June_19_2011._%285868859372%29.jpg,CC BY-SA 2.0,"Andrew Thomas from Shrewsbury, UK",
mobbing_wiki_115174746.jpg,/home/kylelima21/BISONN/data/labeled/mobbing/mobbing_wiki_115174746.jpg,wikimedia,,"File:Lioness, Amboseli National Park, Kenya (51120540406).jpg",,,115174746,https://upload.wikimedia.org/wikipedia/commons/thumb/6/65/Lioness%2C_Amboseli_National_Park%2C_Kenya_%2851120540406%29.jpg/1280px-Lioness%2C_Amboseli_National_Park%2C_Kenya_%2851120540406%29.jpg,CC BY 2.0,. Ray in Manila,
mobbing_wiki_81467888.jpg,/home/kylelima21/BISONN/data/labeled/mobbing/mobbing_wiki_81467888.jpg,wikimedia,,File:Two crows chasing a hawk (28347538478).jpg,,,81467888,https://upload.wikimedia.org/wikipedia/commons/thumb/4/4e/Two_crows_chasing_a_hawk_%2828347538478%29.jpg/1280px-Two_crows_chasing_a_hawk_%2828347538478%29.jpg,CC BY-SA 2.0,"Mike's Birds from Riverside, CA, US",
mobbing_wiki_105235963.jpg,/home/kylelima21/BISONN/data/labeled/mobbing/mobbing_wiki_105235963.jpg,wikimedia,,"File:American Crow mobbing Red-tailed Hawk, Santa Barbara, California (51114795558).jpg",,,105235963,https://upload.wikimedia.org/wikipedia/commons/thumb/2/2d/American_Crow_mobbing_Red-tailed_Hawk%2C_Santa_Barbara%2C_California_%2851114795558%29.jpg/1280px-American_Crow_mobbing_Red-tailed_Hawk%2C_Santa_Barbara%2C_California_%2851114795558%29.jpg,CC BY 2.0,"Channel City Camera Club from Santa Barbara, US",
mobbing_wiki_134071784.jpg,/home/kylelima21/BISONN/data/labeled/mobbing/mobbing_wiki_134071784.jpg,wikimedia,,File:Great horned owl mobbed by crows cromwell 1.2.23 DSC 8051.jpg,,,134071784,https://upload.wikimedia.org/wikipedia/commons/thumb/4/49/Great_horned_owl_mobbed_by_crows_cromwell_1.2.23_DSC_8051.jpg/1280px-Great_horned_owl_mobbed_by_crows_cromwell_1.2.23_DSC_8051.jpg,CC BY 2.0,lwolfartist,
mobbing_wiki_14030271.jpg,/home/kylelima21/BISONN/data/labeled/mobbing/mobbing_wiki_14030271.jpg,wikimedia,,File:Gulls mobbing raven on Rousay - geograph.org.uk - 1302018.jpg,,,14030271,https://upload.wikimedia.org/wikipedia/commons/thumb/1/17/Gulls_mobbing_raven_on_Rousay_-_geograph.org.uk_-_1302018.jpg/1280px-Gulls_mobbing_raven_on_Rousay_-_geograph.org.uk_-_1302018.jpg,CC BY-SA 2.0,Bob Jones,
mobbing_wiki_52332233.jpg,/home/kylelima21/BISONN/data/labeled/mobbing/mobbing_wiki_52332233.jpg,wikimedia,,File:Red tail Hawk - Flickr - brewbooks (2).jpg,,,52332233,https://upload.wikimedia.org/wikipedia/commons/thumb/5/55/Red_tail_Hawk_-_Flickr_-_brewbooks_%282%29.jpg/1280px-Red_tail_Hawk_-_Flickr_-_brewbooks_%282%29.jpg,CC BY-SA 2.0,"brewbooks from near Seattle, USA",
mobbing_wiki_193331875.jpg,/home/kylelima21/BISONN/data/labeled/mobbing/mobbing_wiki_193331875.jpg,wikimedia,,File:Tyrannus dominicensis mobbing Butorides virescens.jpg,,,193331875,https://upload.wikimedia.org/wikipedia/commons/thumb/9/9a/Tyrannus_dominicensis_mobbing_Butorides_virescens.jpg/1280px-Tyrannus_dominicensis_mobbing_Butorides_virescens.jpg,CC BY-SA 4.0,Ligocsicnarf89,
mobbing_wiki_497181.jpg,/home/kylelima21/BISONN/data/labeled/mobbing/mobbing_wiki_497181.jpg,wikimedia,,File:Uhu im Flug.jpg,,,497181,https://upload.wikimedia.org/wikipedia/commons/thumb/6/69/Uhu_im_Flug.jpg/1280px-Uhu_im_Flug.jpg,CC BY-SA 3.0,Torsten Bolten,
mobbing_wiki_60627457.jpg,/home/kylelima21/BISONN/data/labeled/mobbing/mobbing_wiki_60627457.jpg,wikimedia,,File:Black eagle mobbed by large-billed crow from Munsiyari 10 JEG8948.jpg,,,60627457,https://upload.wikimedia.org/wikipedia/commons/thumb/d/d7/Black_eagle_mobbed_by_large-billed_crow_from_Munsiyari_10_JEG8948.jpg/1280px-Black_eagle_mobbed_by_large-billed_crow_from_Munsiyari_10_JEG8948.jpg,CC BY-SA 4.0,PJeganathan,
mobbing_wiki_181856659.jpg,/home/kylelima21/BISONN/data/labeled/mobbing/mobbing_wiki_181856659.jpg,wikimedia,,File:Confrontation for breeding site.jpg,,,181856659,https://upload.wikimedia.org/wikipedia/commons/thumb/d/dd/Confrontation_for_breeding_site.jpg/1280px-Confrontation_for_breeding_site.jpg,CC BY-SA 4.0,Drsssuresh1961,
mobbing_wiki_93671896.jpg,/home/kylelima21/BISONN/data/labeled/mobbing/mobbing_wiki_93671896.jpg,wikimedia,,"File:Face detail, Owl mobbed by smaller birds - Bestiary (1230-1240), f.47 - BL Harley MS 4751 (cropped).jpg",,,93671896,https://upload.wikimedia.org/wikipedia/commons/thumb/6/6e/Face_detail%2C_Owl_mobbed_by_smaller_birds_-_Bestiary_%281230-1240%29%2C_f.47_-_BL_Harley_MS_4751_%28cropped%29.jpg/1280px-Face_detail%2C_Owl_mobbed_by_smaller_birds_-_Bestiary_%281230-1240%29%2C_f.47_-_BL_Harley_MS_4751_%28cropped%29.jpg,CC0,,
mobbing_wiki_60360018.jpg,/home/kylelima21/BISONN/data/labeled/mobbing/mobbing_wiki_60360018.jpg,wikimedia,,"File:Mobor Beach, Goa, India - panoramio (2).jpg",,,60360018,https://upload.wikimedia.org/wikipedia/commons/thumb/f/fe/Mobor_Beach%2C_Goa%2C_India_-_panoramio_%282%29.jpg/1280px-Mobor_Beach%2C_Goa%2C_India_-_panoramio_%282%29.jpg,CC BY 3.0,Владимир Кочадыков,
mobbing_wiki_88265082.jpg,/home/kylelima21/BISONN/data/labeled/mobbing/mobbing_wiki_88265082.jpg,wikimedia,,File:Pacific baza chased by Torresian crows 7th Brigade Park Chermside P1090861.jpg,,,88265082,https://upload.wikimedia.org/wikipedia/commons/thumb/d/d7/Pacific_baza_chased_by_Torresian_crows_7th_Brigade_Park_Chermside_P1090861.jpg/1280px-Pacific_baza_chased_by_Torresian_crows_7th_Brigade_Park_Chermside_P1090861.jpg,CC BY-SA 4.0,John Robert McPherson,
mobbing_wiki_7087189.jpg,/home/kylelima21/BISONN/data/labeled/mobbing/mobbing_wiki_7087189.jpg,wikimedia,,File:Red-winged blackbird and turkey vulture 4014.jpg,,,7087189,https://upload.wikimedia.org/wikipedia/commons/thumb/c/c3/Red-winged_blackbird_and_turkey_vulture_4014.jpg/1280px-Red-winged_blackbird_and_turkey_vulture_4014.jpg,CC BY-SA 3.0 us,Dori,
mobbing_wiki_60627442.jpg,/home/kylelima21/BISONN/data/labeled/mobbing/mobbing_wiki_60627442.jpg,wikimedia,,File:Black eagle mobbed by large-billed crow from Munsiyari 2 JEG8940.jpg,,,60627442,https://upload.wikimedia.org/wikipedia/commons/thumb/0/03/Black_eagle_mobbed_by_large-billed_crow_from_Munsiyari_2_JEG8940.jpg/1280px-Black_eagle_mobbed_by_large-billed_crow_from_Munsiyari_2_JEG8940.jpg,CC BY-SA 4.0,PJeganathan,
mobbing_wiki_13952348.jpg,/home/kylelima21/BISONN/data/labeled/mobbing/mobbing_wiki_13952348.jpg,wikimedia,,File:Descending Tom Mòr - geograph.org.uk - 1233799.jpg,,,13952348,https://upload.wikimedia.org/wikipedia/commons/thumb/1/17/Descending_Tom_M%C3%B2r_-_geograph.org.uk_-_1233799.jpg/1280px-Descending_Tom_M%C3%B2r_-_geograph.org.uk_-_1233799.jpg,CC BY-SA 2.0,Anne Burgess,
mobbing_wiki_30980635.jpg,/home/kylelima21/BISONN/data/labeled/mobbing/mobbing_wiki_30980635.jpg,wikimedia,,File:Fantail mobbing an Eagle.jpg,,,30980635,https://upload.wikimedia.org/wikipedia/commons/thumb/4/45/Fantail_mobbing_an_Eagle.jpg/1280px-Fantail_mobbing_an_Eagle.jpg,CC BY 2.0,Akshay,
mobbing_wiki_126326945.jpg,/home/kylelima21/BISONN/data/labeled/mobbing/mobbing_wiki_126326945.jpg,wikimedia,,File:Great horned owl.jpg,,,126326945,https://upload.wikimedia.org/wikipedia/commons/thumb/b/b8/Great_horned_owl.jpg/1280px-Great_horned_owl.jpg,CC BY 2.0,Matt MacGillivray,
mobbing_wiki_31453068.jpg,/home/kylelima21/BISONN/data/labeled/mobbing/mobbing_wiki_31453068.jpg,wikimedia,,"File:Owl mobbed by smaller birds - Bestiary (1230-1240), f.47 - BL Harley MS 4751.jpg",,,31453068,https://upload.wikimedia.org/wikipedia/commons/thumb/1/1b/Owl_mobbed_by_smaller_birds_-_Bestiary_%281230-1240%29%2C_f.47_-_BL_Harley_MS_4751.jpg/1280px-Owl_mobbed_by_smaller_birds_-_Bestiary_%281230-1240%29%2C_f.47_-_BL_Harley_MS_4751.jpg,CC0,,
mobbing_wiki_23316936.jpeg,/home/kylelima21/BISONN/data/labeled/mobbing/mobbing_wiki_23316936.jpeg,wikimedia,,File:The beach at North Seymour Island in the Galapagos.jpeg,,,23316936,https://upload.wikimedia.org/wikipedia/commons/thumb/2/24/The_beach_at_North_Seymour_Island_in_the_Galapagos.jpeg/1280px-The_beach_at_North_Seymour_Island_in_the_Galapagos.jpeg,CC BY-SA 3.0,David Adam Kess,
mobbing_wiki_93781428.jpg,/home/kylelima21/BISONN/data/labeled/mobbing/mobbing_wiki_93781428.jpg,wikimedia,,File:A Tern Pooping on an Indian Pond Heron to scare (49901078486).jpg,,,93781428,https://upload.wikimedia.org/wikipedia/commons/thumb/e/ed/A_Tern_Pooping_on_an_Indian_Pond_Heron_to_scare_%2849901078486%29.jpg/1280px-A_Tern_Pooping_on_an_Indian_Pond_Heron_to_scare_%2849901078486%29.jpg,CC BY 2.0,Hari K  Patibanda,
mobbing_wiki_60627443.jpg,/home/kylelima21/BISONN/data/labeled/mobbing/mobbing_wiki_60627443.jpg,wikimedia,,File:Black eagle mobbed by large-billed crow from Munsiyari 4 JEG8942.jpg,,,60627443,https://upload.wikimedia.org/wikipedia/commons/thumb/b/b8/Black_eagle_mobbed_by_large-billed_crow_from_Munsiyari_4_JEG8942.jpg/1280px-Black_eagle_mobbed_by_large-billed_crow_from_Munsiyari_4_JEG8942.jpg,CC BY-SA 4.0,PJeganathan,
mobbing_wiki_60627445.jpg,/home/kylelima21/BISONN/data/labeled/mobbing/mobbing_wiki_60627445.jpg,wikimedia,,File:Black eagle mobbed by large-billed crow from Munsiyari 6 JEG8944.jpg,,,60627445,https://upload.wikimedia.org/wikipedia/commons/thumb/0/0a/Black_eagle_mobbed_by_large-billed_crow_from_Munsiyari_6_JEG8944.jpg/1280px-Black_eagle_mobbed_by_large-billed_crow_from_Munsiyari_6_JEG8944.jpg,CC BY-SA 4.0,PJeganathan,
mobbing_wiki_13888635.jpg,/home/kylelima21/BISONN/data/labeled/mobbing/mobbing_wiki_13888635.jpg,wikimedia,,File:Fishing Boat off the coast. - geograph.org.uk - 1173082.jpg,,,13888635,https://upload.wikimedia.org/wikipedia/commons/thumb/5/54/Fishing_Boat_off_the_coast._-_geograph.org.uk_-_1173082.jpg/1280px-Fishing_Boat_off_the_coast._-_geograph.org.uk_-_1173082.jpg,CC BY-SA 2.0,patrick connolly,
mobbing_wiki_74580805.jpg,/home/kylelima21/BISONN/data/labeled/mobbing/mobbing_wiki_74580805.jpg,wikimedia,,File:Great horned owl (3095526088).jpg,,,74580805,https://upload.wikimedia.org/wikipedia/commons/thumb/0/07/Great_horned_owl_%283095526088%29.jpg/1280px-Great_horned_owl_%283095526088%29.jpg,CC BY 2.0,"Matt MacGillivray from Toronto, Canada",
mobbing_wiki_112405387.jpg,/home/kylelima21/BISONN/data/labeled/mobbing/mobbing_wiki_112405387.jpg,wikimedia,,File:Mountain Hawk-Eagle mobbing Himalayan Vulture (26083292787).jpg,,,112405387,https://upload.wikimedia.org/wikipedia/commons/thumb/b/b9/Mountain_Hawk-Eagle_mobbing_Himalayan_Vulture_%2826083292787%29.jpg/1280px-Mountain_Hawk-Eagle_mobbing_Himalayan_Vulture_%2826083292787%29.jpg,CC BY 2.0,"Mike Prince from Bangalore, India",
mobbing_wiki_52215076.jpg,/home/kylelima21/BISONN/data/labeled/mobbing/mobbing_wiki_52215076.jpg,wikimedia,,File:Red-tailed hawk allows another bird entry into its air space near Corps construction site (6989961618).jpg,,,52215076,https://upload.wikimedia.org/wikipedia/commons/thumb/3/3a/Red-tailed_hawk_allows_another_bird_entry_into_its_air_space_near_Corps_construction_site_%286989961618%29.jpg/1280px-Red-tailed_hawk_allows_another_bird_entry_into_its_air_space_near_Corps_construction_site_%286989961618%29.jpg,Public domain,U.S. Army Corps of Engineers Sacramento District,
mobbing_wiki_51520800.jpg,/home/kylelima21/BISONN/data/labeled/mobbing/mobbing_wiki_51520800.jpg,wikimedia,,File:Red tail Hawk - Flickr - brewbooks.jpg,,,51520800,https://upload.wikimedia.org/wikipedia/commons/thumb/4/49/Red_tail_Hawk_-_Flickr_-_brewbooks.jpg/1280px-Red_tail_Hawk_-_Flickr_-_brewbooks.jpg,CC BY-SA 2.0,"brewbooks from near Seattle, USA",
mobbing_wiki_145627752.jpg,/home/kylelima21/BISONN/data/labeled/mobbing/mobbing_wiki_145627752.jpg,wikimedia,,File:Tasmanian wedge-tailed eagle (Aquila audax fleayi) mobbed by forest ravens Scottsdale.jpg,,,145627752,https://upload.wikimedia.org/wikipedia/commons/thumb/3/35/Tasmanian_wedge-tailed_eagle_%28Aquila_audax_fleayi%29_mobbed_by_forest_ravens_Scottsdale.jpg/1280px-Tasmanian_wedge-tailed_eagle_%28Aquila_audax_fleayi%29_mobbed_by_forest_ravens_Scottsdale.jpg,CC BY-SA 4.0,Charles J. Sharp,
mobbing_wiki_18524757.jpg,/home/kylelima21/BISONN/data/labeled/mobbing/mobbing_wiki_18524757.jpg,wikimedia,,"File:2 of 3 Peregrine Falcon (Falco peregrinus), defending its nest area, gives chase to a Bald Eagle (Haliaeetus leucocephalus).jpg",,,18524757,https://upload.wikimedia.org/wikipedia/commons/thumb/3/39/2_of_3_Peregrine_Falcon_%28Falco_peregrinus%29%2C_defending_its_nest_area%2C_gives_chase_to_a_Bald_Eagle_%28Haliaeetus_leucocephalus%29.jpg/1280px-2_of_3_Peregrine_Falcon_%28Falco_peregrinus%29%2C_defending_its_nest_area%2C_gives_chase_to_a_Bald_Eagle_%28Haliaeetus_leucocephalus%29.jpg,CC BY 2.0,Mike Baird,
mobbing_wiki_81070589.jpg,/home/kylelima21/BISONN/data/labeled/mobbing/mobbing_wiki_81070589.jpg,wikimedia,,"File:African Sunset, Amboseli National Park (31568686487).jpg",,,81070589,https://upload.wikimedia.org/wikipedia/commons/thumb/6/67/African_Sunset%2C_Amboseli_National_Park_%2831568686487%29.jpg/1280px-African_Sunset%2C_Amboseli_National_Park_%2831568686487%29.jpg,CC BY 2.0,Ray in Manila,
mobbing_wiki_60627456.jpg,/home/kylelima21/BISONN/data/labeled/mobbing/mobbing_wiki_60627456.jpg,wikimedia,,File:Black eagle mobbed by large-billed crow from Munsiyari 11 JEG8949.jpg,,,60627456,https://upload.wikimedia.org/wikipedia/commons/thumb/e/e5/Black_eagle_mobbed_by_large-billed_crow_from_Munsiyari_11_JEG8949.jpg/1280px-Black_eagle_mobbed_by_large-billed_crow_from_Munsiyari_11_JEG8949.jpg,CC BY-SA 4.0,PJeganathan,
mobbing_wiki_134071789.jpg,/home/kylelima21/BISONN/data/labeled/mobbing/mobbing_wiki_134071789.jpg,wikimedia,,File:Great horned owl mobbed by crows cromwell 1.2.23 DSC 8058.jpg,,,134071789,https://upload.wikimedia.org/wikipedia/commons/thumb/3/39/Great_horned_owl_mobbed_by_crows_cromwell_1.2.23_DSC_8058.jpg/1280px-Great_horned_owl_mobbed_by_crows_cromwell_1.2.23_DSC_8058.jpg,CC BY 2.0,lwolfartist,
mobbing_wiki_106051947.jpg,/home/kylelima21/BISONN/data/labeled/mobbing/mobbing_wiki_106051947.jpg,wikimedia,,File:Red-shouldered Hawk harasses Red-tailed Hawk (50854764961).jpg,,,106051947,https://upload.wikimedia.org/wikipedia/commons/thumb/4/40/Red-shouldered_Hawk_harasses_Red-tailed_Hawk_%2850854764961%29.jpg/1280px-Red-shouldered_Hawk_harasses_Red-tailed_Hawk_%2850854764961%29.jpg,CC BY 2.0,Channel City Camera Club/Susan T. Cook,
mobbing_wiki_67385677.jpg,/home/kylelima21/BISONN/data/labeled/mobbing/mobbing_wiki_67385677.jpg,wikimedia,,File:Tarring and feathering Joseph Smith LCCN2003654762.jpg,,,67385677,https://upload.wikimedia.org/wikipedia/commons/thumb/1/16/Tarring_and_feathering_Joseph_Smith_LCCN2003654762.jpg/1280px-Tarring_and_feathering_Joseph_Smith_LCCN2003654762.jpg,Public domain,"Miscellaneous Items in High Demand, PPOC, Library of Congress",
mobbing_wiki_103572038.jpg,/home/kylelima21/BISONN/data/labeled/mobbing/mobbing_wiki_103572038.jpg,wikimedia,,File:Bazalgette Lancaster FM-159 (50999397850).jpg,,,103572038,https://upload.wikimedia.org/wikipedia/commons/thumb/3/3b/Bazalgette_Lancaster_FM-159_%2850999397850%29.jpg/1280px-Bazalgette_Lancaster_FM-159_%2850999397850%29.jpg,CC BY 2.0,Eric Friedebach,
mobbing_wiki_68235613.jpg,/home/kylelima21/BISONN/data/labeled/mobbing/mobbing_wiki_68235613.jpg,wikimedia,,File:Brown Wood Owl (12340423823).jpg,,,68235613,https://upload.wikimedia.org/wikipedia/commons/thumb/3/33/Brown_Wood_Owl_%2812340423823%29.jpg/1280px-Brown_Wood_Owl_%2812340423823%29.jpg,CC BY 2.0,"shankar s. from Dubai, united arab emirates",
mobbing_wiki_30068366.jpg,/home/kylelima21/BISONN/data/labeled/mobbing/mobbing_wiki_30068366.jpg,wikimedia,,"File:Close-up, Owl and birds.jpg",,,30068366,https://upload.wikimedia.org/wikipedia/commons/thumb/1/17/Close-up%2C_Owl_and_birds.jpg/1280px-Close-up%2C_Owl_and_birds.jpg,CC0,None,
mobbing_wiki_134071788.jpg,/home/kylelima21/BISONN/data/labeled/mobbing/mobbing_wiki_134071788.jpg,wikimedia,,File:Great horned owl mobbed by crows cromwell 1.2.23 DSC 8060.jpg,,,134071788,https://upload.wikimedia.org/wikipedia/commons/thumb/6/6e/Great_horned_owl_mobbed_by_crows_cromwell_1.2.23_DSC_8060.jpg/1280px-Great_horned_owl_mobbed_by_crows_cromwell_1.2.23_DSC_8060.jpg,CC BY 2.0,lwolfartist,
mobbing_wiki_160595789.jpg,/home/kylelima21/BISONN/data/labeled/mobbing/mobbing_wiki_160595789.jpg,wikimedia,,File:Mob of Purple Finches at feeder 1554.jpg,,,160595789,https://upload.wikimedia.org/wikipedia/commons/thumb/0/0e/Mob_of_Purple_Finches_at_feeder_1554.jpg/1280px-Mob_of_Purple_Finches_at_feeder_1554.jpg,CC BY 4.0,ImagePerson,
mobbing_wiki_130171911.jpg,/home/kylelima21/BISONN/data/labeled/mobbing/mobbing_wiki_130171911.jpg,wikimedia,,File:Red-tailed Hawk getting mobbed by a Northern Mockingbird and Blue Jays - 52113308603.jpg,,,130171911,https://upload.wikimedia.org/wikipedia/commons/thumb/d/d1/Red-tailed_Hawk_getting_mobbed_by_a_Northern_Mockingbird_and_Blue_Jays_-_52113308603.jpg/1280px-Red-tailed_Hawk_getting_mobbed_by_a_Northern_Mockingbird_and_Blue_Jays_-_52113308603.jpg,CC BY 2.0,Wildreturn,
mobbing_wiki_130171922.jpg,/home/kylelima21/BISONN/data/labeled/mobbing/mobbing_wiki_130171922.jpg,wikimedia,,File:Red-tailed Hawk with squirrel and mobbing Blue Jays - 52048958852.jpg,,,130171922,https://upload.wikimedia.org/wikipedia/commons/thumb/1/1c/Red-tailed_Hawk_with_squirrel_and_mobbing_Blue_Jays_-_52048958852.jpg/1280px-Red-tailed_Hawk_with_squirrel_and_mobbing_Blue_Jays_-_52048958852.jpg,CC BY 2.0,Wildreturn,
mobbing_wiki_7087215.jpg,/home/kylelima21/BISONN/data/labeled/mobbing/mobbing_wiki_7087215.jpg,wikimedia,,File:Redtail hawk chased by crows 4391.jpg,,,7087215,https://upload.wikimedia.org/wikipedia/commons/thumb/b/b9/Redtail_hawk_chased_by_crows_4391.jpg/1280px-Redtail_hawk_chased_by_crows_4391.jpg,CC BY-SA 3.0 us,Dori,
mobbing_wiki_81919809.jpg,/home/kylelima21/BISONN/data/labeled/mobbing/mobbing_wiki_81919809.jpg,wikimedia,,File:Short-eared Owl (Asio flammeus) (32823211037).jpg,,,81919809,https://upload.wikimedia.org/wikipedia/commons/thumb/f/f9/Short-eared_Owl_%28Asio_flammeus%29_%2832823211037%29.jpg/1280px-Short-eared_Owl_%28Asio_flammeus%29_%2832823211037%29.jpg,CC BY-SA 2.0,"Imran Shah from Islamabad, Pakistan",
mobbing_wiki_174654293.jpg,/home/kylelima21/BISONN/data/labeled/mobbing/mobbing_wiki_174654293.jpg,wikimedia,,"File:Buzzard being mobbed by Crows, Bristol - Lulsgate - UK, June 19 2011. (5868859584).jpg",,,174654293,https://upload.wikimedia.org/wikipedia/commons/thumb/d/df/Buzzard_being_mobbed_by_Crows%2C_Bristol_-_Lulsgate_-_UK%2C_June_19_2011._%285868859584%29.jpg/1280px-Buzzard_being_mobbed_by_Crows%2C_Bristol_-_Lulsgate_-_UK%2C_June_19_2011._%285868859584%29.jpg,CC BY-SA 2.0,"Andrew Thomas from Shrewsbury, UK",
mobbing_wiki_13568050.jpg,/home/kylelima21/BISONN/data/labeled/mobbing/mobbing_wiki_13568050.jpg,wikimedia,,File:Chuck us a chip^ - geograph.org.uk - 882075.jpg,,,13568050,https://upload.wikimedia.org/wikipedia/commons/thumb/5/5d/Chuck_us_a_chip%5E_-_geograph.org.uk_-_882075.jpg/1280px-Chuck_us_a_chip%5E_-_geograph.org.uk_-_882075.jpg,CC BY-SA 2.0,David Pickersgill,
mobbing_wiki_91344666.jpg,/home/kylelima21/BISONN/data/labeled/mobbing/mobbing_wiki_91344666.jpg,wikimedia,,File:Heringsmöwe (larus fuscus) greift Sumpfohreule (asio flammeus) an (Spiekeroog - Nationalpark niedersächsisches Wattenmeer) (2).jpg,,,91344666,https://upload.wikimedia.org/wikipedia/commons/thumb/5/57/Heringsm%C3%B6we_%28larus_fuscus%29_greift_Sumpfohreule_%28asio_flammeus%29_an_%28Spiekeroog_-_Nationalpark_nieders%C3%A4chsisches_Wattenmeer%29_%282%29.jpg/1280px-Heringsm%C3%B6we_%28larus_fuscus%29_greift_Sumpfohreule_%28asio_flammeus%29_an_%28Spiekeroog_-_Nationalpark_nieders%C3%A4chsisches_Wattenmeer%29_%282%29.jpg,CC BY-SA 4.0,Stephan Sprinz,
mobbing_wiki_130171930.jpg,/home/kylelima21/BISONN/data/labeled/mobbing/mobbing_wiki_130171930.jpg,wikimedia,,File:Red-tailed Hawk with squirrel and mobbing Blue Jays - 52050251834.jpg,,,130171930,https://upload.wikimedia.org/wikipedia/commons/thumb/c/c9/Red-tailed_Hawk_with_squirrel_and_mobbing_Blue_Jays_-_52050251834.jpg/1280px-Red-tailed_Hawk_with_squirrel_and_mobbing_Blue_Jays_-_52050251834.jpg,CC BY 2.0,Wildreturn,
mobbing_wiki_110197763.jpg,/home/kylelima21/BISONN/data/labeled/mobbing/mobbing_wiki_110197763.jpg,wikimedia,,File:The First Winter Migrant Raptor this season - A Eurasian Marsh Harrier (50348420108).jpg,,,110197763,https://upload.wikimedia.org/wikipedia/commons/thumb/2/27/The_First_Winter_Migrant_Raptor_this_season_-_A_Eurasian_Marsh_Harrier_%2850348420108%29.jpg/1280px-The_First_Winter_Migrant_Raptor_this_season_-_A_Eurasian_Marsh_Harrier_%2850348420108%29.jpg,CC BY 2.0,Hari K  Patibanda,
mobbing_wiki_105320250.jpg,/home/kylelima21/BISONN/data/labeled/mobbing/mobbing_wiki_105320250.jpg,wikimedia,,"File:American Crow mobbing Red-tailed Hawk, Santa Barbara, California (49899101771).jpg",,,105320250,https://upload.wikimedia.org/wikipedia/commons/thumb/b/b8/American_Crow_mobbing_Red-tailed_Hawk%2C_Santa_Barbara%2C_California_%2849899101771%29.jpg/1280px-American_Crow_mobbing_Red-tailed_Hawk%2C_Santa_Barbara%2C_California_%2849899101771%29.jpg,CC BY 2.0,"Channel City Camera Club from Santa Barbara, US",
mobbing_wiki_106694532.jpg,/home/kylelima21/BISONN/data/labeled/mobbing/mobbing_wiki_106694532.jpg,wikimedia,,File:Common Tern VS Common Crow by Irvin Calicut IRV09852.jpg,,,106694532,https://upload.wikimedia.org/wikipedia/commons/thumb/b/bd/Common_Tern_VS_Common_Crow_by_Irvin_Calicut_IRV09852.jpg/1280px-Common_Tern_VS_Common_Crow_by_Irvin_Calicut_IRV09852.jpg,CC BY-SA 4.0,Irvin calicut,
mobbing_wiki_2323043.jpg,/home/kylelima21/BISONN/data/labeled/mobbing/mobbing_wiki_2323043.jpg,wikimedia,,File:Magpie swooping kookaburra ed2.jpg,,,2323043,https://upload.wikimedia.org/wikipedia/commons/thumb/6/6c/Magpie_swooping_kookaburra_ed2.jpg/1280px-Magpie_swooping_kookaburra_ed2.jpg,CC BY-SA 3.0,BenAveling,
mobbing_wiki_81919875.jpg,/home/kylelima21/BISONN/data/labeled/mobbing/mobbing_wiki_81919875.jpg,wikimedia,,File:Short-eared Owl (Asio flammeus) (46249782461).jpg,,,81919875,https://upload.wikimedia.org/wikipedia/commons/thumb/6/67/Short-eared_Owl_%28Asio_flammeus%29_%2846249782461%29.jpg/1280px-Short-eared_Owl_%28Asio_flammeus%29_%2846249782461%29.jpg,CC BY-SA 2.0,"Imran Shah from Islamabad, Pakistan",
mobbing_wiki_110194540.jpg,/home/kylelima21/BISONN/data/labeled/mobbing/mobbing_wiki_110194540.jpg,wikimedia,,File:A Watchful Ashy Drongo chasing a raptor (50978781766).jpg,,,110194540,https://upload.wikimedia.org/wikipedia/commons/thumb/1/1d/A_Watchful_Ashy_Drongo_chasing_a_raptor_%2850978781766%29.jpg/1280px-A_Watchful_Ashy_Drongo_chasing_a_raptor_%2850978781766%29.jpg,CC BY 2.0,Hari K  Patibanda,
mobbing_wiki_20436218.jpg,/home/kylelima21/BISONN/data/labeled/mobbing/mobbing_wiki_20436218.jpg,wikimedia,,File:Cat and magpie IMG 6961.JPG,,,20436218,https://upload.wikimedia.org/wikipedia/commons/thumb/5/5d/Cat_and_magpie_IMG_6961.JPG/1280px-Cat_and_magpie_IMG_6961.JPG,CC BY-SA 3.0,Bjoertvedt,
mobbing_wiki_71383219.jpg,/home/kylelima21/BISONN/data/labeled/mobbing/mobbing_wiki_71383219.jpg,wikimedia,,"File:Corvus cornix mobbing Circus aeruginosus, Cremona, Italy (55179546).jpg",,,71383219,https://upload.wikimedia.org/wikipedia/commons/thumb/b/b8/Corvus_cornix_mobbing_Circus_aeruginosus%2C_Cremona%2C_Italy_%2855179546%29.jpg/1280px-Corvus_cornix_mobbing_Circus_aeruginosus%2C_Cremona%2C_Italy_%2855179546%29.jpg,CC BY-SA 3.0,Stefano Bodini,
mobbing_wiki_91091390.jpg,/home/kylelima21/BISONN/data/labeled/mobbing/mobbing_wiki_91091390.jpg,wikimedia,,"File:Great Blue Heron chased by a Red-winged Blackbird, California.jpg",,,91091390,https://upload.wikimedia.org/wikipedia/commons/thumb/1/15/Great_Blue_Heron_chased_by_a_Red-winged_Blackbird%2C_California.jpg/1280px-Great_Blue_Heron_chased_by_a_Red-winged_Blackbird%2C_California.jpg,CC BY 2.0,Channel City Camera Club,
mobbing_wiki_134071783.jpg,/home/kylelima21/BISONN/data/labeled/mobbing/mobbing_wiki_134071783.jpg,wikimedia,,File:Great horned owl mobbed by crows cromwell 1.2.23 DSC 8052.jpg,,,134071783,https://upload.wikimedia.org/wikipedia/commons/thumb/b/b4/Great_horned_owl_mobbed_by_crows_cromwell_1.2.23_DSC_8052.jpg/1280px-Great_horned_owl_mobbed_by_crows_cromwell_1.2.23_DSC_8052.jpg,CC BY 2.0,lwolfartist,
mobbing_wiki_2323005.jpg,/home/kylelima21/BISONN/data/labeled/mobbing/mobbing_wiki_2323005.jpg,wikimedia,,File:Magpie swooping kookaburra.jpg,,,2323005,https://upload.wikimedia.org/wikipedia/commons/thumb/e/e4/Magpie_swooping_kookaburra.jpg/1280px-Magpie_swooping_kookaburra.jpg,CC BY-SA 3.0,BenAveling,
mobbing_wiki_43880750.jpg,/home/kylelima21/BISONN/data/labeled/mobbing/mobbing_wiki_43880750.jpg,wikimedia,,File:Notes on the birds of Northamptonshire and neighbourhood (1895) (14565254878).jpg,,,43880750,https://upload.wikimedia.org/wikipedia/commons/thumb/6/6b/Notes_on_the_birds_of_Northamptonshire_and_neighbourhood_%281895%29_%2814565254878%29.jpg/1280px-Notes_on_the_birds_of_Northamptonshire_and_neighbourhood_%281895%29_%2814565254878%29.jpg,Public domain,Internet Archive Book Images,
mobbing_wiki_74120567.jpg,/home/kylelima21/BISONN/data/labeled/mobbing/mobbing_wiki_74120567.jpg,wikimedia,,"File:Raven mobbing Bearded Vulture, Sagarmatha, Nepal 3681 (25523449818).jpg",,,74120567,https://upload.wikimedia.org/wikipedia/commons/thumb/d/d8/Raven_mobbing_Bearded_Vulture%2C_Sagarmatha%2C_Nepal_3681_%2825523449818%29.jpg/1280px-Raven_mobbing_Bearded_Vulture%2C_Sagarmatha%2C_Nepal_3681_%2825523449818%29.jpg,CC BY-SA 2.0,"Donald Macauley from Carshalton, Surrey, UK",
mobbing_wiki_104543356.jpg,/home/kylelima21/BISONN/data/labeled/mobbing/mobbing_wiki_104543356.jpg,wikimedia,,File:Red-winged blackbird attacks great egret (72158).jpg,,,104543356,https://upload.wikimedia.org/wikipedia/commons/thumb/0/0b/Red-winged_blackbird_attacks_great_egret_%2872158%29.jpg/1280px-Red-winged_blackbird_attacks_great_egret_%2872158%29.jpg,CC BY-SA 4.0,Rhododendrites,
mobbing_wiki_10201920.jpg,/home/kylelima21/BISONN/data/labeled/mobbing/mobbing_wiki_10201920.jpg,wikimedia,,File:Swamp Harrier - Juvenile.jpg,,,10201920,https://upload.wikimedia.org/wikipedia/commons/thumb/7/7b/Swamp_Harrier_-_Juvenile.jpg/1280px-Swamp_Harrier_-_Juvenile.jpg,CC BY-SA 2.0,David Hewett,
mobbing_wiki_56431631.jpg,/home/kylelima21/BISONN/data/labeled/mobbing/mobbing_wiki_56431631.jpg,wikimedia,,"File:Crows always irritate the Buzzards by attacking them, but the Buzzard moves away; Netherlands.jpg",,,56431631,https://upload.wikimedia.org/wikipedia/commons/thumb/a/a9/Crows_always_irritate_the_Buzzards_by_attacking_them%2C_but_the_Buzzard_moves_away%3B_Netherlands.jpg/1280px-Crows_always_irritate_the_Buzzards_by_attacking_them%2C_but_the_Buzzard_moves_away%3B_Netherlands.jpg,CC BY 3.0,Henk Monster,
mobbing_wiki_123158510.jpg,/home/kylelima21/BISONN/data/labeled/mobbing/mobbing_wiki_123158510.jpg,wikimedia,,File:Great horned owl at Seedskadee National Wildlife Refuge (50380396766).jpg,,,123158510,https://upload.wikimedia.org/wikipedia/commons/thumb/e/ef/Great_horned_owl_at_Seedskadee_National_Wildlife_Refuge_%2850380396766%29.jpg/1280px-Great_horned_owl_at_Seedskadee_National_Wildlife_Refuge_%2850380396766%29.jpg,Public domain,USFWS Mountain-Prairie,
mobbing_wiki_24302831.jpg,/home/kylelima21/BISONN/data/labeled/mobbing/mobbing_wiki_24302831.jpg,wikimedia,,File:Masked Lapwing - Vanellus miles (6762609843).jpg,,,24302831,https://upload.wikimedia.org/wikipedia/commons/thumb/6/65/Masked_Lapwing_-_Vanellus_miles_%286762609843%29.jpg/1280px-Masked_Lapwing_-_Vanellus_miles_%286762609843%29.jpg,CC BY 2.0,David Lochlin from Australia,
mobbing_wiki_52333301.jpg,/home/kylelima21/BISONN/data/labeled/mobbing/mobbing_wiki_52333301.jpg,wikimedia,,File:Red-tailed hawk - Flickr - brewbooks.jpg,,,52333301,https://upload.wikimedia.org/wikipedia/commons/thumb/4/4c/Red-tailed_hawk_-_Flickr_-_brewbooks.jpg/1280px-Red-tailed_hawk_-_Flickr_-_brewbooks.jpg,CC BY-SA 2.0,"brewbooks from near Seattle, USA",
mobbing_wiki_186184018.jpg,/home/kylelima21/BISONN/data/labeled/mobbing/mobbing_wiki_186184018.jpg,wikimedia,,File:Tawny Owl resting quietly inside a secret tree trunk 02.jpg,,,186184018,https://upload.wikimedia.org/wikipedia/commons/thumb/1/18/Tawny_Owl_resting_quietly_inside_a_secret_tree_trunk_02.jpg/1280px-Tawny_Owl_resting_quietly_inside_a_secret_tree_trunk_02.jpg,CC BY-SA 4.0,Shiv's fotografia,
mobbing_wiki_99857811.jpg,/home/kylelima21/BISONN/data/labeled/mobbing/mobbing_wiki_99857811.jpg,wikimedia,,File:Booted eagle being chased by the crow.jpg,,,99857811,https://upload.wikimedia.org/wikipedia/commons/thumb/6/65/Booted_eagle_being_chased_by_the_crow.jpg/1280px-Booted_eagle_being_chased_by_the_crow.jpg,CC BY-SA 4.0,Shino jacob koottanad,
mobbing_wiki_174654304.jpg,/home/kylelima21/BISONN/data/labeled/mobbing/mobbing_wiki_174654304.jpg,wikimedia,,"File:Buzzard being mobbed by Crows, Bristol - Lulsgate - UK, June 19 2011. (5868859160).jpg",,,174654304,https://upload.wikimedia.org/wikipedia/commons/thumb/f/f2/Buzzard_being_mobbed_by_Crows%2C_Bristol_-_Lulsgate_-_UK%2C_June_19_2011._%285868859160%29.jpg/1280px-Buzzard_being_mobbed_by_Crows%2C_Bristol_-_Lulsgate_-_UK%2C_June_19_2011._%285868859160%29.jpg,CC BY-SA 2.0,"Andrew Thomas from Shrewsbury, UK",
mobbing_wiki_117599602.jpg,/home/kylelima21/BISONN/data/labeled/mobbing/mobbing_wiki_117599602.jpg,wikimedia,,File:Ceder Waxwing in a tree.jpg,,,117599602,https://upload.wikimedia.org/wikipedia/commons/thumb/c/c1/Ceder_Waxwing_in_a_tree.jpg/1280px-Ceder_Waxwing_in_a_tree.jpg,CC BY 2.0,MattysFlicks,
mobbing_wiki_106999236.jpg,/home/kylelima21/BISONN/data/labeled/mobbing/mobbing_wiki_106999236.jpg,wikimedia,,File:Gulls mobbing a grey seal off the beach at Llandudno - geograph.org.uk - 2234566.jpg,,,106999236,https://upload.wikimedia.org/wikipedia/commons/thumb/e/ee/Gulls_mobbing_a_grey_seal_off_the_beach_at_Llandudno_-_geograph.org.uk_-_2234566.jpg/1280px-Gulls_mobbing_a_grey_seal_off_the_beach_at_Llandudno_-_geograph.org.uk_-_2234566.jpg,CC BY-SA 2.0,Phil Champion,
mobbing_wiki_181856665.jpg,/home/kylelima21/BISONN/data/labeled/mobbing/mobbing_wiki_181856665.jpg,wikimedia,,File:Out from my nest.jpg,,,181856665,https://upload.wikimedia.org/wikipedia/commons/thumb/3/36/Out_from_my_nest.jpg/1280px-Out_from_my_nest.jpg,CC BY-SA 4.0,Drsssuresh1961,
mobbing_wiki_88265085.jpg,/home/kylelima21/BISONN/data/labeled/mobbing/mobbing_wiki_88265085.jpg,wikimedia,,File:Pacific baza chased by Torresian crows 7th Brigade Park Chermside P1090865.jpg,,,88265085,https://upload.wikimedia.org/wikipedia/commons/thumb/6/65/Pacific_baza_chased_by_Torresian_crows_7th_Brigade_Park_Chermside_P1090865.jpg/1280px-Pacific_baza_chased_by_Torresian_crows_7th_Brigade_Park_Chermside_P1090865.jpg,CC BY-SA 4.0,John Robert McPherson,
mobbing_wiki_93781636.jpg,/home/kylelima21/BISONN/data/labeled/mobbing/mobbing_wiki_93781636.jpg,wikimedia,,File:Peregrine Falcon Consuming a Parrot - Relishing every bit of it! (49537973492).jpg,,,93781636,https://upload.wikimedia.org/wikipedia/commons/thumb/9/94/Peregrine_Falcon_Consuming_a_Parrot_-_Relishing_every_bit_of_it%21_%2849537973492%29.jpg/1280px-Peregrine_Falcon_Consuming_a_Parrot_-_Relishing_every_bit_of_it%21_%2849537973492%29.jpg,CC BY 2.0,Hari K  Patibanda,
mobbing_wiki_56993889.jpg,/home/kylelima21/BISONN/data/labeled/mobbing/mobbing_wiki_56993889.jpg,wikimedia,,File:Serious Warning (5022715696).jpg,,,56993889,https://upload.wikimedia.org/wikipedia/commons/thumb/8/88/Serious_Warning_%285022715696%29.jpg/1280px-Serious_Warning_%285022715696%29.jpg,CC BY 2.0,cogdogblog,
mobbing_wiki_63990202.jpg,/home/kylelima21/BISONN/data/labeled/mobbing/mobbing_wiki_63990202.jpg,wikimedia,,File:The Bigger Picture (5710671001).jpg,,,63990202,https://upload.wikimedia.org/wikipedia/commons/thumb/d/d2/The_Bigger_Picture_%285710671001%29.jpg/1280px-The_Bigger_Picture_%285710671001%29.jpg,CC BY 2.0,"Peter Trimming from Croydon, England",
mobbing_wiki_103572028.jpg,/home/kylelima21/BISONN/data/labeled/mobbing/mobbing_wiki_103572028.jpg,wikimedia,,File:Bazalgette Lancaster FM-159 (50999398130).jpg,,,103572028,https://upload.wikimedia.org/wikipedia/commons/thumb/f/fb/Bazalgette_Lancaster_FM-159_%2850999398130%29.jpg/1280px-Bazalgette_Lancaster_FM-159_%2850999398130%29.jpg,CC BY 2.0,Eric Friedebach,
mobbing_wiki_103572058.jpg,/home/kylelima21/BISONN/data/labeled/mobbing/mobbing_wiki_103572058.jpg,wikimedia,,File:Bazalgette Lancaster FM-159 (51067876093).jpg,,,103572058,https://upload.wikimedia.org/wikipedia/commons/thumb/3/38/Bazalgette_Lancaster_FM-159_%2851067876093%29.jpg/1280px-Bazalgette_Lancaster_FM-159_%2851067876093%29.jpg,CC BY 2.0,Eric Friedebach,
mobbing_wiki_103572041.jpg,/home/kylelima21/BISONN/data/labeled/mobbing/mobbing_wiki_103572041.jpg,wikimedia,,File:Bazalgette Lancaster FM-159 (51067876378).jpg,,,103572041,https://upload.wikimedia.org/wikipedia/commons/thumb/c/c8/Bazalgette_Lancaster_FM-159_%2851067876378%29.jpg/1280px-Bazalgette_Lancaster_FM-159_%2851067876378%29.jpg,CC BY 2.0,Eric Friedebach,
mobbing_wiki_106210223.jpg,/home/kylelima21/BISONN/data/labeled/mobbing/mobbing_wiki_106210223.jpg,wikimedia,,File:Bullock's Oriole pesters a Red-tailed Hawk (51213894185).jpg,,,106210223,https://upload.wikimedia.org/wikipedia/commons/thumb/8/87/Bullock%27s_Oriole_pesters_a_Red-tailed_Hawk_%2851213894185%29.jpg/1280px-Bullock%27s_Oriole_pesters_a_Red-tailed_Hawk_%2851213894185%29.jpg,CC BY 2.0,Channel City Camera Club/Susan T. Cook,
mobbing_wiki_103572001.jpg,/home/kylelima21/BISONN/data/labeled/mobbing/mobbing_wiki_103572001.jpg,wikimedia,,File:Bazalgette Lancaster FM-159 (51068583586).jpg,,,103572001,https://upload.wikimedia.org/wikipedia/commons/thumb/9/92/Bazalgette_Lancaster_FM-159_%2851068583586%29.jpg/1280px-Bazalgette_Lancaster_FM-159_%2851068583586%29.jpg,CC BY 2.0,Eric Friedebach,
mobbing_wiki_95659742.jpg,/home/kylelima21/BISONN/data/labeled/mobbing/mobbing_wiki_95659742.jpg,wikimedia,,File:Cooper's hawk feeding on a blue jay 4.jpg,,,95659742,https://upload.wikimedia.org/wikipedia/commons/thumb/e/ea/Cooper%27s_hawk_feeding_on_a_blue_jay_4.jpg/1280px-Cooper%27s_hawk_feeding_on_a_blue_jay_4.jpg,CC BY 2.0,James St. John,
mobbing_wiki_123158514.jpg,/home/kylelima21/BISONN/data/labeled/mobbing/mobbing_wiki_123158514.jpg,wikimedia,,File:Great horned owl at Seedskadee National Wildlife Refuge (50380394156).jpg,,,123158514,https://upload.wikimedia.org/wikipedia/commons/thumb/3/34/Great_horned_owl_at_Seedskadee_National_Wildlife_Refuge_%2850380394156%29.jpg/1280px-Great_horned_owl_at_Seedskadee_National_Wildlife_Refuge_%2850380394156%29.jpg,Public domain,USFWS Mountain-Prairie,
mobbing_wiki_134071790.jpg,/home/kylelima21/BISONN/data/labeled/mobbing/mobbing_wiki_134071790.jpg,wikimedia,,File:Great horned owl mobbed by crows cromwell 1.2.23 DSC 8054.jpg,,,134071790,https://upload.wikimedia.org/wikipedia/commons/thumb/2/2b/Great_horned_owl_mobbed_by_crows_cromwell_1.2.23_DSC_8054.jpg/1280px-Great_horned_owl_mobbed_by_crows_cromwell_1.2.23_DSC_8054.jpg,CC BY 2.0,lwolfartist,
mobbing_wiki_131038542.jpg,/home/kylelima21/BISONN/data/labeled/mobbing/mobbing_wiki_131038542.jpg,wikimedia,,File:Mobbed by cows - geograph.org.uk - 4672526.jpg,,,131038542,https://upload.wikimedia.org/wikipedia/commons/thumb/c/c9/Mobbed_by_cows_-_geograph.org.uk_-_4672526.jpg/1280px-Mobbed_by_cows_-_geograph.org.uk_-_4672526.jpg,CC BY-SA 2.0,Jay Pea,
mobbing_wiki_43880757.jpg,/home/kylelima21/BISONN/data/labeled/mobbing/mobbing_wiki_43880757.jpg,wikimedia,,File:Notes on the birds of Northamptonshire and neighbourhood (1895) (14770458003).jpg,,,43880757,https://upload.wikimedia.org/wikipedia/commons/thumb/2/28/Notes_on_the_birds_of_Northamptonshire_and_neighbourhood_%281895%29_%2814770458003%29.jpg/1280px-Notes_on_the_birds_of_Northamptonshire_and_neighbourhood_%281895%29_%2814770458003%29.jpg,Public domain,Internet Archive Book Images,
mobbing_wiki_51972657.jpg,/home/kylelima21/BISONN/data/labeled/mobbing/mobbing_wiki_51972657.jpg,wikimedia,,"File:Pamela Toschik, -ScienceWoman (17306467366).jpg",,,51972657,https://upload.wikimedia.org/wikipedia/commons/thumb/a/a4/Pamela_Toschik%2C_-ScienceWoman_%2817306467366%29.jpg/1280px-Pamela_Toschik%2C_-ScienceWoman_%2817306467366%29.jpg,Public domain,U. S. Fish and Wildlife Service - Northeast Region,
mobbing_wiki_54436172.jpg,/home/kylelima21/BISONN/data/labeled/mobbing/mobbing_wiki_54436172.jpg,wikimedia,,File:Air Force Band scores another win with flash mob 141202-N-WY366-535.jpg,,,54436172,https://upload.wikimedia.org/wikipedia/commons/thumb/0/09/Air_Force_Band_scores_another_win_with_flash_mob_141202-N-WY366-535.jpg/1280px-Air_Force_Band_scores_another_win_with_flash_mob_141202-N-WY366-535.jpg,Public domain,Lt.Cmdr. Jim Remington,
mobbing_wiki_110197739.jpg,/home/kylelima21/BISONN/data/labeled/mobbing/mobbing_wiki_110197739.jpg,wikimedia,,File:An Eurasian Harrier - Harrying (50348420188).jpg,,,110197739,https://upload.wikimedia.org/wikipedia/commons/thumb/7/7f/An_Eurasian_Harrier_-_Harrying_%2850348420188%29.jpg/1280px-An_Eurasian_Harrier_-_Harrying_%2850348420188%29.jpg,CC BY 2.0,Hari K  Patibanda,
mobbing_wiki_14027343.jpg,/home/kylelima21/BISONN/data/labeled/mobbing/mobbing_wiki_14027343.jpg,wikimedia,,"File:Bombing Bonxie, Starra Fiold - geograph.org.uk - 1301917.jpg",,,14027343,https://upload.wikimedia.org/wikipedia/commons/thumb/d/d1/Bombing_Bonxie%2C_Starra_Fiold_-_geograph.org.uk_-_1301917.jpg/1280px-Bombing_Bonxie%2C_Starra_Fiold_-_geograph.org.uk_-_1301917.jpg,CC BY-SA 2.0,Ian Balcombe,
mobbing_wiki_168318625.jpg,/home/kylelima21/BISONN/data/labeled/mobbing/mobbing_wiki_168318625.jpg,wikimedia,,"File:Officers of the 'Poona' from August to December, 1922 - Flickr - Aussie~mobs.jpg",,,168318625,https://upload.wikimedia.org/wikipedia/commons/thumb/9/9d/Officers_of_the_%27Poona%27_from_August_to_December%2C_1922_-_Flickr_-_Aussie~mobs.jpg/1280px-Officers_of_the_%27Poona%27_from_August_to_December%2C_1922_-_Flickr_-_Aussie~mobs.jpg,Public domain,Aussie~mobs,
mobbing_wiki_186184030.jpg,/home/kylelima21/BISONN/data/labeled/mobbing/mobbing_wiki_186184030.jpg,wikimedia,,File:Tawny Owl resting quietly inside a secret tree trunk 05.jpg,,,186184030,https://upload.wikimedia.org/wikipedia/commons/thumb/5/51/Tawny_Owl_resting_quietly_inside_a_secret_tree_trunk_05.jpg/1280px-Tawny_Owl_resting_quietly_inside_a_secret_tree_trunk_05.jpg,CC BY-SA 4.0,Shiv's fotografia,
mobbing_wiki_105236268.jpg,/home/kylelima21/BISONN/data/labeled/mobbing/mobbing_wiki_105236268.jpg,wikimedia,,"File:American Crow mobbing Red-tailed Hawk, Santa Barbara, California (51112363699).jpg",,,105236268,https://upload.wikimedia.org/wikipedia/commons/thumb/0/07/American_Crow_mobbing_Red-tailed_Hawk%2C_Santa_Barbara%2C_California_%2851112363699%29.jpg/1280px-American_Crow_mobbing_Red-tailed_Hawk%2C_Santa_Barbara%2C_California_%2851112363699%29.jpg,CC BY 2.0,"Channel City Camera Club from Santa Barbara, US",
mobbing_wiki_146170883.jpg,/home/kylelima21/BISONN/data/labeled/mobbing/mobbing_wiki_146170883.jpg,wikimedia,,File:Asian Barred Owlet Facts 02.jpg,,,146170883,https://upload.wikimedia.org/wikipedia/commons/thumb/e/e3/Asian_Barred_Owlet_Facts_02.jpg/1280px-Asian_Barred_Owlet_Facts_02.jpg,CC BY 4.0,Shiv's fotografia,
mobbing_wiki_43055313.jpg,/home/kylelima21/BISONN/data/labeled/mobbing/mobbing_wiki_43055313.jpg,wikimedia,,File:Birds through the year (6025491141).jpg,,,43055313,https://upload.wikimedia.org/wikipedia/commons/thumb/9/98/Birds_through_the_year_%286025491141%29.jpg/1280px-Birds_through_the_year_%286025491141%29.jpg,Public domain,"Collett, Anthony Keeling; Thomas, William Beach",
mobbing_wiki_7513865.jpg,/home/kylelima21/BISONN/data/labeled/mobbing/mobbing_wiki_7513865.jpg,wikimedia,,File:Black backed gull with drumstick 03.jpg,,,7513865,https://upload.wikimedia.org/wikipedia/commons/thumb/b/b6/Black_backed_gull_with_drumstick_03.jpg/1280px-Black_backed_gull_with_drumstick_03.jpg,CC BY-SA 3.0,Tony Wills,
mobbing_wiki_60627461.jpg,/home/kylelima21/BISONN/data/labeled/mobbing/mobbing_wiki_60627461.jpg,wikimedia,,File:Black eagle mobbed by large-billed crow from Munsiyari 14 JEG8952.jpg,,,60627461,https://upload.wikimedia.org/wikipedia/commons/thumb/6/6c/Black_eagle_mobbed_by_large-billed_crow_from_Munsiyari_14_JEG8952.jpg/1280px-Black_eagle_mobbed_by_large-billed_crow_from_Munsiyari_14_JEG8952.jpg,CC BY-SA 4.0,PJeganathan,
mobbing_wiki_133669407.jpg,/home/kylelima21/BISONN/data/labeled/mobbing/mobbing_wiki_133669407.jpg,wikimedia,,File:Gull dive-bombing a heron - geograph.org.uk - 5014368.jpg,,,133669407,https://upload.wikimedia.org/wikipedia/commons/thumb/4/4d/Gull_dive-bombing_a_heron_-_geograph.org.uk_-_5014368.jpg/1280px-Gull_dive-bombing_a_heron_-_geograph.org.uk_-_5014368.jpg,CC BY-SA 2.0,Mat Fascione,
mobbing_wiki_18524691.jpg,/home/kylelima21/BISONN/data/labeled/mobbing/mobbing_wiki_18524691.jpg,wikimedia,,"File:Peregrine Falcon (Falco peregrinus), defending its nest area, gives chase to a Bald Eagle (Haliaeetus leucocephalus)Bai007MarBEglPFa 3 of 3.jpg",,,18524691,https://upload.wikimedia.org/wikipedia/commons/thumb/2/22/Peregrine_Falcon_%28Falco_peregrinus%29%2C_defending_its_nest_area%2C_gives_chase_to_a_Bald_Eagle_%28Haliaeetus_leucocephalus%29Bai007MarBEglPFa_3_of_3.jpg/1280px-Peregrine_Falcon_%28Falco_peregrinus%29%2C_defending_its_nest_area%2C_gives_chase_to_a_Bald_Eagle_%28Haliaeetus_leucocephalus%29Bai007MarBEglPFa_3_of_3.jpg,CC BY 2.0,Mike Baird,
mobbing_wiki_130171903.jpg,/home/kylelima21/BISONN/data/labeled/mobbing/mobbing_wiki_130171903.jpg,wikimedia,,File:Red-tailed Hawk getting mobbed by a Northern Mockingbird and Blue Jays.jpg,,,130171903,https://upload.wikimedia.org/wikipedia/commons/thumb/0/04/Red-tailed_Hawk_getting_mobbed_by_a_Northern_Mockingbird_and_Blue_Jays.jpg/1280px-Red-tailed_Hawk_getting_mobbed_by_a_Northern_Mockingbird_and_Blue_Jays.jpg,CC BY 2.0,Wildreturn,
mobbing_wiki_186184039.jpg,/home/kylelima21/BISONN/data/labeled/mobbing/mobbing_wiki_186184039.jpg,wikimedia,,File:Tawny Owl resting quietly inside a secret tree trunk 09.jpg,,,186184039,https://upload.wikimedia.org/wikipedia/commons/thumb/9/9d/Tawny_Owl_resting_quietly_inside_a_secret_tree_trunk_09.jpg/1280px-Tawny_Owl_resting_quietly_inside_a_secret_tree_trunk_09.jpg,CC BY-SA 4.0,Shiv's fotografia,
mobbing_wiki_32087879.jpg,/home/kylelima21/BISONN/data/labeled/mobbing/mobbing_wiki_32087879.jpg,wikimedia,,"File:Webteaser zum SMS Mob Moments of Starlings, München, 03.11.2009.jpg",,,32087879,https://upload.wikimedia.org/wikipedia/commons/thumb/6/66/Webteaser_zum_SMS_Mob_Moments_of_Starlings%2C_M%C3%BCnchen%2C_03.11.2009.jpg/1280px-Webteaser_zum_SMS_Mob_Moments_of_Starlings%2C_M%C3%BCnchen%2C_03.11.2009.jpg,CC BY 3.0,"Die Urbnauten, München",
mobbing_wiki_130048665.jpg,/home/kylelima21/BISONN/data/labeled/mobbing/mobbing_wiki_130048665.jpg,wikimedia,,File:Black-chested Snake-Eagle (Circaetus pectoralis) mobbed by Fork-tailed Drongo (Dicrurus adsimilis) ... (52772247148).jpg,,,130048665,https://upload.wikimedia.org/wikipedia/commons/thumb/d/d3/Black-chested_Snake-Eagle_%28Circaetus_pectoralis%29_mobbed_by_Fork-tailed_Drongo_%28Dicrurus_adsimilis%29_..._%2852772247148%29.jpg/1280px-Black-chested_Snake-Eagle_%28Circaetus_pectoralis%29_mobbed_by_Fork-tailed_Drongo_%28Dicrurus_adsimilis%29_..._%2852772247148%29.jpg,CC BY-SA 2.0,Bernard DUPONT from FRANCE,
mobbing_wiki_66590694.jpg,/home/kylelima21/BISONN/data/labeled/mobbing/mobbing_wiki_66590694.jpg,wikimedia,,File:Flying by!! (29354162824).jpg,,,66590694,https://upload.wikimedia.org/wikipedia/commons/thumb/3/35/Flying_by%21%21_%2829354162824%29.jpg/1280px-Flying_by%21%21_%2829354162824%29.jpg,CC BY 2.0,"Chad Sparkes from Kissimmee,Florida, United States",
mobbing_wiki_88265084.jpg,/home/kylelima21/BISONN/data/labeled/mobbing/mobbing_wiki_88265084.jpg,wikimedia,,File:Pacific baza chased by Torresian crows 7th Brigade Park Chermside P1090863.jpg,,,88265084,https://upload.wikimedia.org/wikipedia/commons/thumb/f/fd/Pacific_baza_chased_by_Torresian_crows_7th_Brigade_Park_Chermside_P1090863.jpg/1280px-Pacific_baza_chased_by_Torresian_crows_7th_Brigade_Park_Chermside_P1090863.jpg,CC BY-SA 4.0,John Robert McPherson,
mobbing_wiki_110708002.jpg,/home/kylelima21/BISONN/data/labeled/mobbing/mobbing_wiki_110708002.jpg,wikimedia,,File:Avocets and Dowitchers in Wetland West of Dunes (34443405922).jpg,,,110708002,https://upload.wikimedia.org/wikipedia/commons/thumb/d/d3/Avocets_and_Dowitchers_in_Wetland_West_of_Dunes_%2834443405922%29.jpg/1280px-Avocets_and_Dowitchers_in_Wetland_West_of_Dunes_%2834443405922%29.jpg,Public domain,Great Sand Dunes National Park and Preserve,
mobbing_wiki_14578467.jpg,/home/kylelima21/BISONN/data/labeled/mobbing/mobbing_wiki_14578467.jpg,wikimedia,,File:Bittern 2.jpg,,,14578467,https://upload.wikimedia.org/wikipedia/commons/thumb/c/cd/Bittern_2.jpg/1280px-Bittern_2.jpg,CC BY 2.0,Andy  Vernon,
mobbing_wiki_60627441.jpg,/home/kylelima21/BISONN/data/labeled/mobbing/mobbing_wiki_60627441.jpg,wikimedia,,File:Black eagle mobbed by large-billed crow from Munsiyari 1 JEG8939.jpg,,,60627441,https://upload.wikimedia.org/wikipedia/commons/thumb/7/73/Black_eagle_mobbed_by_large-billed_crow_from_Munsiyari_1_JEG8939.jpg/1280px-Black_eagle_mobbed_by_large-billed_crow_from_Munsiyari_1_JEG8939.jpg,CC BY-SA 4.0,PJeganathan,
mobbing_wiki_116354779.jpg,/home/kylelima21/BISONN/data/labeled/mobbing/mobbing_wiki_116354779.jpg,wikimedia,,File:Eagle owl perched in tree - DPLA - 4f3ea00b5002bddad7f51111a51a39f4.jpg,,,116354779,https://upload.wikimedia.org/wikipedia/commons/thumb/8/89/Eagle_owl_perched_in_tree_-_DPLA_-_4f3ea00b5002bddad7f51111a51a39f4.jpg/1280px-Eagle_owl_perched_in_tree_-_DPLA_-_4f3ea00b5002bddad7f51111a51a39f4.jpg,CC BY-SA 4.0,"Garst, Warren, 1922-2016, photographer",
mobbing_wiki_162975913.jpg,/home/kylelima21/BISONN/data/labeled/mobbing/mobbing_wiki_162975913.jpg,wikimedia,,File:Great Horned Owl (49318408297).jpg,,,162975913,https://upload.wikimedia.org/wikipedia/commons/thumb/e/eb/Great_Horned_Owl_%2849318408297%29.jpg/1280px-Great_Horned_Owl_%2849318408297%29.jpg,Public domain,U. S. Fish and Wildlife Service - Northeast Region,
mobbing_wiki_162934335.jpg,/home/kylelima21/BISONN/data/labeled/mobbing/mobbing_wiki_162934335.jpg,wikimedia,,File:Great horned owl at Seedskadee National Wildlife Refuge (50379706293).jpg,,,162934335,https://upload.wikimedia.org/wikipedia/commons/thumb/2/23/Great_horned_owl_at_Seedskadee_National_Wildlife_Refuge_%2850379706293%29.jpg/1280px-Great_horned_owl_at_Seedskadee_National_Wildlife_Refuge_%2850379706293%29.jpg,Public domain,USFWS Mountain Prairie,
mobbing_wiki_195951948.jpg,/home/kylelima21/BISONN/data/labeled/mobbing/mobbing_wiki_195951948.jpg,wikimedia,,"File:How Hill, Reedham Water Hide, Black-headed gulls 'Larus ridibundus' mobbing a Cormorant - geograph.org.uk - 8345258.jpg",,,195951948,https://upload.wikimedia.org/wikipedia/commons/thumb/9/98/How_Hill%2C_Reedham_Water_Hide%2C_Black-headed_gulls_%27Larus_ridibundus%27_mobbing_a_Cormorant_-_geograph.org.uk_-_8345258.jpg/1280px-How_Hill%2C_Reedham_Water_Hide%2C_Black-headed_gulls_%27Larus_ridibundus%27_mobbing_a_Cormorant_-_geograph.org.uk_-_8345258.jpg,CC BY-SA 2.0,,
mobbing_wiki_112405467.jpg,/home/kylelima21/BISONN/data/labeled/mobbing/mobbing_wiki_112405467.jpg,wikimedia,,File:Large-billed Crow mobbing Himalayan Vulture (40913597072).jpg,,,112405467,https://upload.wikimedia.org/wikipedia/commons/thumb/0/0b/Large-billed_Crow_mobbing_Himalayan_Vulture_%2840913597072%29.jpg/1280px-Large-billed_Crow_mobbing_Himalayan_Vulture_%2840913597072%29.jpg,CC BY 2.0,"Mike Prince from Bangalore, India",
mobbing_wiki_69182271.jpg,/home/kylelima21/BISONN/data/labeled/mobbing/mobbing_wiki_69182271.jpg,wikimedia,,File:Marsh hawk chasing coyote through Hawley wetlands (14815352386).jpg,,,69182271,https://upload.wikimedia.org/wikipedia/commons/thumb/b/b8/Marsh_hawk_chasing_coyote_through_Hawley_wetlands_%2814815352386%29.jpg/1280px-Marsh_hawk_chasing_coyote_through_Hawley_wetlands_%2814815352386%29.jpg,Public domain,USFWS Mountain-Prairie,
mobbing_wiki_81468808.jpg,/home/kylelima21/BISONN/data/labeled/mobbing/mobbing_wiki_81468808.jpg,wikimedia,,File:Mockingbird dive bombing Cooper's Hawk (35598944103).jpg,,,81468808,https://upload.wikimedia.org/wikipedia/commons/thumb/4/47/Mockingbird_dive_bombing_Cooper%27s_Hawk_%2835598944103%29.jpg/1280px-Mockingbird_dive_bombing_Cooper%27s_Hawk_%2835598944103%29.jpg,CC BY-SA 2.0,"Mike's Birds from Riverside, CA, US",
mobbing_wiki_186184017.jpg,/home/kylelima21/BISONN/data/labeled/mobbing/mobbing_wiki_186184017.jpg,wikimedia,,File:Tawny Owl resting quietly inside a secret tree trunk 01.jpg,,,186184017,https://upload.wikimedia.org/wikipedia/commons/thumb/1/17/Tawny_Owl_resting_quietly_inside_a_secret_tree_trunk_01.jpg/1280px-Tawny_Owl_resting_quietly_inside_a_secret_tree_trunk_01.jpg,CC BY-SA 4.0,Shiv's fotografia,
mobbing_wiki_12256691.jpg,/home/kylelima21/BISONN/data/labeled/mobbing/mobbing_wiki_12256691.jpg,wikimedia,,File:Woman cyclist -Australia-1Sept2005.jpg,,,12256691,https://upload.wikimedia.org/wikipedia/commons/thumb/f/fa/Woman_cyclist_-Australia-1Sept2005.jpg/1280px-Woman_cyclist_-Australia-1Sept2005.jpg,CC BY 2.0,Department of Sustainability &amp; Environment,
mobbing_wiki_103572053.jpg,/home/kylelima21/BISONN/data/labeled/mobbing/mobbing_wiki_103572053.jpg,wikimedia,,File:Bazalgette Lancaster FM-159 (50999397220).jpg,,,103572053,https://upload.wikimedia.org/wikipedia/commons/thumb/9/9a/Bazalgette_Lancaster_FM-159_%2850999397220%29.jpg/1280px-Bazalgette_Lancaster_FM-159_%2850999397220%29.jpg,CC BY 2.0,Eric Friedebach,
mobbing_wiki_103571842.jpg,/home/kylelima21/BISONN/data/labeled/mobbing/mobbing_wiki_103571842.jpg,wikimedia,,File:Bazalgette Lancaster FM-159 (51068679752).jpg,,,103571842,https://upload.wikimedia.org/wikipedia/commons/thumb/3/3d/Bazalgette_Lancaster_FM-159_%2851068679752%29.jpg/1280px-Bazalgette_Lancaster_FM-159_%2851068679752%29.jpg,CC BY 2.0,Eric Friedebach,
mobbing_wiki_91344668.jpg,/home/kylelima21/BISONN/data/labeled/mobbing/mobbing_wiki_91344668.jpg,wikimedia,,File:Heringsmöwe (larus fuscus) greift Sumpfohreule (asio flammeus) an (Spiekeroog - Nationalpark niedersächsisches Wattenmeer) (3).jpg,,,91344668,https://upload.wikimedia.org/wikipedia/commons/thumb/e/ec/Heringsm%C3%B6we_%28larus_fuscus%29_greift_Sumpfohreule_%28asio_flammeus%29_an_%28Spiekeroog_-_Nationalpark_nieders%C3%A4chsisches_Wattenmeer%29_%283%29.jpg/1280px-Heringsm%C3%B6we_%28larus_fuscus%29_greift_Sumpfohreule_%28asio_flammeus%29_an_%28Spiekeroog_-_Nationalpark_nieders%C3%A4chsisches_Wattenmeer%29_%283%29.jpg,CC BY-SA 4.0,Stephan Sprinz,
mobbing_wiki_117559602.jpg,/home/kylelima21/BISONN/data/labeled/mobbing/mobbing_wiki_117559602.jpg,wikimedia,,File:Jungle crows mobbing.jpg,,,117559602,https://upload.wikimedia.org/wikipedia/commons/thumb/5/58/Jungle_crows_mobbing.jpg/1280px-Jungle_crows_mobbing.jpg,CC BY-SA 4.0,Shyamal,
mobbing_wiki_132838880.jpg,/home/kylelima21/BISONN/data/labeled/mobbing/mobbing_wiki_132838880.jpg,wikimedia,,"File:La Liseuse, J 39.jpg",,,132838880,https://upload.wikimedia.org/wikipedia/commons/thumb/f/f4/La_Liseuse%2C_J_39.jpg/1280px-La_Liseuse%2C_J_39.jpg,CC0,"Ecole française, peintre",
mobbing_wiki_109866497.jpg,/home/kylelima21/BISONN/data/labeled/mobbing/mobbing_wiki_109866497.jpg,wikimedia,,"File:List of Letters in The Evening Post of New York City, New York on 31 December 1829.jpg",,,109866497,https://upload.wikimedia.org/wikipedia/commons/thumb/7/75/List_of_Letters_in_The_Evening_Post_of_New_York_City%2C_New_York_on_31_December_1829.jpg/1280px-List_of_Letters_in_The_Evening_Post_of_New_York_City%2C_New_York_on_31_December_1829.jpg,Public domain,AnonymousUnknown author,
mobbing_wiki_178974907.jpg,/home/kylelima21/BISONN/data/labeled/mobbing/mobbing_wiki_178974907.jpg,wikimedia,,File:Oriental Honey-Buzzard and crow.jpg,,,178974907,https://upload.wikimedia.org/wikipedia/commons/thumb/2/20/Oriental_Honey-Buzzard_and_crow.jpg/1280px-Oriental_Honey-Buzzard_and_crow.jpg,CC BY-SA 4.0,Sunnyjosef,
mobbing_wiki_186184035.jpg,/home/kylelima21/BISONN/data/labeled/mobbing/mobbing_wiki_186184035.jpg,wikimedia,,File:Tawny Owl resting quietly inside a secret tree trunk 07.jpg,,,186184035,https://upload.wikimedia.org/wikipedia/commons/thumb/7/76/Tawny_Owl_resting_quietly_inside_a_secret_tree_trunk_07.jpg/1280px-Tawny_Owl_resting_quietly_inside_a_secret_tree_trunk_07.jpg,CC BY-SA 4.0,Shiv's fotografia,
mobbing_wiki_6234912.jpg,/home/kylelima21/BISONN/data/labeled/mobbing/mobbing_wiki_6234912.jpg,wikimedia,,File:Wenceslas Hollar - Birds mobbing an owl (State 2).jpg,,,6234912,https://upload.wikimedia.org/wikipedia/commons/thumb/2/29/Wenceslas_Hollar_-_Birds_mobbing_an_owl_%28State_2%29.jpg/1280px-Wenceslas_Hollar_-_Birds_mobbing_an_owl_%28State_2%29.jpg,Public domain,Wenceslaus Hollar,
mobbing_wiki_81070561.jpg,/home/kylelima21/BISONN/data/labeled/mobbing/mobbing_wiki_81070561.jpg,wikimedia,,"File:African Sunrise, Amboseli National Park (30385097358).jpg",,,81070561,https://upload.wikimedia.org/wikipedia/commons/thumb/a/ad/African_Sunrise%2C_Amboseli_National_Park_%2830385097358%29.jpg/1280px-African_Sunrise%2C_Amboseli_National_Park_%2830385097358%29.jpg,CC BY 2.0,Ray in Manila,
mobbing_wiki_138827032.jpg,/home/kylelima21/BISONN/data/labeled/mobbing/mobbing_wiki_138827032.jpg,wikimedia,,"File:Common Tern (Sterna hirundo) mobbing Great Black-backed Gull (Larus marinus) - Kristiansund, Norway 2022-07-11.jpg",,,138827032,https://upload.wikimedia.org/wikipedia/commons/thumb/0/09/Common_Tern_%28Sterna_hirundo%29_mobbing_Great_Black-backed_Gull_%28Larus_marinus%29_-_Kristiansund%2C_Norway_2022-07-11.jpg/1280px-Common_Tern_%28Sterna_hirundo%29_mobbing_Great_Black-backed_Gull_%28Larus_marinus%29_-_Kristiansund%2C_Norway_2022-07-11.jpg,CC BY-SA 4.0,Ryan Hodnett,
mobbing_wiki_4485181.jpg,/home/kylelima21/BISONN/data/labeled/mobbing/mobbing_wiki_4485181.jpg,wikimedia,,File:Crows Mobbing Bald Eagle 01.jpg,,,4485181,https://upload.wikimedia.org/wikipedia/commons/thumb/5/56/Crows_Mobbing_Bald_Eagle_01.jpg/1280px-Crows_Mobbing_Bald_Eagle_01.jpg,CC BY-SA 3.0,OutRIAAge02 at English Wikipedia,
mobbing_wiki_97009497.jpg,/home/kylelima21/BISONN/data/labeled/mobbing/mobbing_wiki_97009497.jpg,wikimedia,,File:Crows chasing away a dangerous red tailed hawk.jpg,,,97009497,https://upload.wikimedia.org/wikipedia/commons/thumb/8/88/Crows_chasing_away_a_dangerous_red_tailed_hawk.jpg/1280px-Crows_chasing_away_a_dangerous_red_tailed_hawk.jpg,CC BY-SA 4.0,NikkyPA1,
mobbing_wiki_8897896.jpg,/home/kylelima21/BISONN/data/labeled/mobbing/mobbing_wiki_8897896.jpg,wikimedia,,File:Magpies (Pica pica bactriana) and domestic cat.jpg,,,8897896,https://upload.wikimedia.org/wikipedia/commons/thumb/7/71/Magpies_%28Pica_pica_bactriana%29_and_domestic_cat.jpg/1280px-Magpies_%28Pica_pica_bactriana%29_and_domestic_cat.jpg,CC BY-SA 3.0,Yuriy75,
mobbing_wiki_130171916.jpg,/home/kylelima21/BISONN/data/labeled/mobbing/mobbing_wiki_130171916.jpg,wikimedia,,File:Red-tailed Hawk getting mobbed by a Northern Mockingbird and Blue Jays - 52113520229.jpg,,,130171916,https://upload.wikimedia.org/wikipedia/commons/thumb/e/e2/Red-tailed_Hawk_getting_mobbed_by_a_Northern_Mockingbird_and_Blue_Jays_-_52113520229.jpg/1280px-Red-tailed_Hawk_getting_mobbed_by_a_Northern_Mockingbird_and_Blue_Jays_-_52113520229.jpg,CC BY 2.0,Wildreturn,
mobbing_wiki_75668810.jpg,/home/kylelima21/BISONN/data/labeled/mobbing/mobbing_wiki_75668810.jpg,wikimedia,,"File:Sparrowhawk seeing off Crow, Cirencester (45563902694).jpg",,,75668810,https://upload.wikimedia.org/wikipedia/commons/thumb/d/d6/Sparrowhawk_seeing_off_Crow%2C_Cirencester_%2845563902694%29.jpg/1280px-Sparrowhawk_seeing_off_Crow%2C_Cirencester_%2845563902694%29.jpg,CC BY 2.0,"gailhampshire from Cradley, Malvern, U.K",
